author,title
<p>石碰 等 著</p>,"<a href=""/book/13945429/"" title=""随机切换系统的降阶方法研究"" target=""_blank"">随机切换系统的降阶方法研究</a>"
"<p class=""disc eps"">《随机切换系统的降阶方法研究》在随机切换系统的框架下，主要研究了随机切换…</p>","<a href=""/book/13945428/"" title=""神经网络与深度学习：案例与实践"" target=""_blank"">神经网络与深度学习：案例与实践</a>"
"<p><span class=""badge bg-dot"">可购</span></p>","<a href=""/book/13945427/"" title=""体育赛事信息化与网络安全"" target=""_blank"">体育赛事信息化与网络安全</a>"
<p>邱锡鹏 著</p>,"<a href=""/book/13945426/"" title=""网络安全国际学术研究进展"" target=""_blank"">网络安全国际学术研究进展</a>"
"<p class=""disc eps"">作为邱锡鹏老师出品的《神经网络与深度学习》配套案例，与《神经网络与深度学…</p>","<a href=""/book/13945425/"" title=""API安全实战"" target=""_blank"">API安全实战</a>"
"<p><span class=""badge bg-dot"">可购</span></p>","<a href=""/book/13945424/"" title=""计算机组成与设计：硬件/软件接口（原书第6版 MIPS版）"" target=""_blank"">计算机组成与设计：硬件/软件接口（原书第6版 MIPS版）</a>"
<p>本书编写组 编</p>,"<a href=""/book/13945423/"" title=""大数据环境下信息安全风险管理"" target=""_blank"">大数据环境下信息安全风险管理</a>"
"<p class=""disc eps"">大型综合性体育赛事的信息系统与通信网络的安全，与其他活动有许多不同之处。…</p>","<a href=""/book/13945422/"" title=""信创产业导论"" target=""_blank"">信创产业导论</a>"
"<p><span class=""badge bg-dot"">可购</span></p>","<a href=""/book/13945420/"" title=""嵌入式人工智能开发与实践"" target=""_blank"">嵌入式人工智能开发与实践</a>"
<p>段海新 著</p>,"<a href=""/book/13945419/"" title=""物联网软件架构设计与实现"" target=""_blank"">物联网软件架构设计与实现</a>"
"<p class=""disc eps"">本书是清华大学-奇安信联合研究中心推出的网络空间安全领域研究进展报告。全…</p>","<a href=""/book/13945418/"" title=""ANSYS/Workbench显式动力学数值仿真"" target=""_blank"">ANSYS/Workbench显式动力学数值仿真</a>"
"<p><span class=""badge bg-dot"">可购</span></p>","<a href=""/book/13945417/"" title=""元宇宙创业：Web3.0时代投资指南"" target=""_blank"">元宇宙创业：Web3.0时代投资指南</a>"
<p>[美] 尼尔·马登（Neil Madden） 著</p>,"<a href=""/book/13945416/"" title=""世界人工智能法治蓝皮书（2022）"" target=""_blank"">世界人工智能法治蓝皮书（2022）</a>"
"<p class=""disc eps"">本书旨在引导读者掌握在不同环境下确保API安全所需的技术。首先介绍基本的安…</p>","<a href=""/book/13945415/"" title=""中文版3ds Max 2020基础培训教程"" target=""_blank"">中文版3ds Max 2020基础培训教程</a>"
"<p><span class=""badge bg-dot"">可购</span></p>","<a href=""/book/13945414/"" title=""中文版Rhino 7完全自学教程"" target=""_blank"">中文版Rhino 7完全自学教程</a>"
<p>[美] 戴维·A.帕特森，[美] 约翰·…</p>,"<a href=""/book/13945413/"" title=""短视频运营、直播带货与DOU+广告投放策略"" target=""_blank"">短视频运营、直播带货与DOU+广告投放策略</a>"
"<p class=""disc eps"">暂缺简介...</p>","<a href=""/book/13945412/"" title=""AutoCAD2022室内设计从入门到精通"" target=""_blank"">AutoCAD2022室内设计从入门到精通</a>"
"<p><span class=""badge bg-dot"">可购</span></p>","<a href=""/book/13945411/"" title=""PPT 2021完全自学教程"" target=""_blank"">PPT 2021完全自学教程</a>"
<p>吕俊杰，王元卓，鲁小凡 著</p>,"<a href=""/book/13945410/"" title=""和秋叶一起学：Word Excel PPT办公应用从新手到高手"" target=""_blank"">和秋叶一起学：Word Excel PPT办公应用从新手到高手</a>"
"<p class=""disc eps"">本书主要研究大数据环境下的信息安全风险管理，首先介绍了信息安全风险管理的…</p>","<a href=""/book/13945409/"" title=""WPS Office高效办公：会计与财务管理"" target=""_blank"">WPS Office高效办公：会计与财务管理</a>"
"<p><span class=""badge bg-dot"">可购</span></p>","<a href=""/book/13945408/"" title=""EndNote &amp; Word文献管理与论文写作（第三版）"" target=""_blank"">EndNote &amp; Word文献管理与论文写作（第三版）</a>"
<p>邓小飞，许广彬 著</p>,"<a href=""/book/13945407/"" title=""DevSecOps敏捷安全"" target=""_blank"">DevSecOps敏捷安全</a>"
"<p class=""disc eps"">信创，即信息技术应用创新。2020年是信创产业推广的起点，信创产业迎来黄金发…</p>","<a href=""/book/13945406/"" title=""微服务质量保障：测试策略与质量体系"" target=""_blank"">微服务质量保障：测试策略与质量体系</a>"
"<p><span class=""badge bg-dot"">可购</span></p>","<a href=""/book/13945405/"" title=""数学建模：算法与编程实现"" target=""_blank"">数学建模：算法与编程实现</a>"
<p>贺雪晨，沈文忠 著</p>,"<a href=""/book/13945404/"" title=""Python软件测试实战宝典"" target=""_blank"">Python软件测试实战宝典</a>"
"<p class=""disc eps"">本书采用嵌入式人工智能开发板EAIDK 310和嵌入式虹膜门禁EAIDK-310-P20实验平…</p>","<a href=""/book/13945403/"" title=""Python编程基础（第2版 微课版）"" target=""_blank"">Python编程基础（第2版 微课版）</a>"
"<p><span class=""badge bg-dot"">可购</span></p>","<a href=""/book/13945402/"" title=""Python编程超简单"" target=""_blank"">Python编程超简单</a>"
<p>王强（@唯笑志在） 著</p>,"<a href=""/book/13945401/"" title=""自然语言处理实战：预训练模型应用及其产品化"" target=""_blank"">自然语言处理实战：预训练模型应用及其产品化</a>"
"<p class=""disc eps"">目前，物联网进入了与传统产业深度融合发展的新阶段，工业制造领域的转型升级…</p>","<a href=""/book/13945400/"" title=""中文版 LabVIEW 2020 从入门到精通（实战案例版）"" target=""_blank"">中文版 LabVIEW 2020 从入门到精通（实战案例版）</a>"
"<p><span class=""badge bg-dot"">可购</span></p>","<a href=""/book/13945399/"" title=""pandas数据处理与分析：数据分析"" target=""_blank"">pandas数据处理与分析：数据分析</a>"
<p>卞晓兵，黄广炎，王芳 等 著</p>,"<a href=""/book/13945398/"" title=""Python极客编程：用代码探索世界（Python）"" target=""_blank"">Python极客编程：用代码探索世界（Python）</a>"
"<p class=""disc eps"">数值模拟技术是解决冲击、爆炸等非线性问题的有力工具。本书主要介绍了ANSYS…</p>","<a href=""/book/13945397/"" title=""Python从入门到精通（Python）"" target=""_blank"">Python从入门到精通（Python）</a>"
"<p><span class=""badge bg-dot"">可购</span></p>","<a href=""/book/13944708/"" title=""江苏省水利地理信息服务平台构建与应用"" target=""_blank"">江苏省水利地理信息服务平台构建与应用</a>"
<p>李波 著</p>,"<a href=""/book/13944707/"" title=""单片机与PLC智能家居控制系统设计案例"" target=""_blank"">单片机与PLC智能家居控制系统设计案例</a>"
"<p class=""disc eps"">元宇宙是Web3.0时代最重要的演进和落地场景之一，蕴含着巨大商机。热潮滚滚难…</p>","<a href=""/book/13944706/"" title=""高速串行收发器原理及芯片设计（基于JESD204B标准）"" target=""_blank"">高速串行收发器原理及芯片设计（基于JESD204B标准）</a>"
"<p><span class=""badge bg-dot"">可购</span></p>","<a href=""/book/13944705/"" title=""数据中心机房搬迁实用指南"" target=""_blank"">数据中心机房搬迁实用指南</a>"
<p>崔亚东 编</p>,"<a href=""/book/13944704/"" title=""一流网络安全学院建设研究"" target=""_blank"">一流网络安全学院建设研究</a>"
"<p class=""disc eps"">本书包括人工智能发展、“人工智能法治发展指数”“中国人工智能法治发展评估…</p>","<a href=""/book/13944703/"" title=""数字与安全：数智时代安全先锋"" target=""_blank"">数字与安全：数智时代安全先锋</a>"
"<p><span class=""badge bg-dot"">可购</span></p>","<a href=""/book/13944702/"" title=""云数据中心网络架构与技术（第2版）"" target=""_blank"">云数据中心网络架构与技术（第2版）</a>"
<p>任媛媛 著</p>,"<a href=""/book/13944701/"" title=""无形疆域安全：新时代网络空间安全战略研究"" target=""_blank"">无形疆域安全：新时代网络空间安全战略研究</a>"
<p>康善同 著</p>,"<a href=""/book/13941755/"" title=""检索匹配：深度学习在搜索、广告、推荐系统中的应用"" target=""_blank"">检索匹配：深度学习在搜索、广告、推荐系统中的应用</a>"
"<p class=""disc eps"">《检索匹配：深度学习在搜索、广告、推荐系统中的应用》主要介绍了深度学习在…</p>","<a href=""/book/13941754/"" title=""推荐系统：前沿与实践"" target=""_blank"">推荐系统：前沿与实践</a>"
"<p><span class=""badge bg-dot"">可购</span></p>","<a href=""/book/13941753/"" title=""分布式算法精髓"" target=""_blank"">分布式算法精髓</a>"
<p>李东胜，练建勋，张乐，任侃，卢暾 ... 著…</p>,"<a href=""/book/13941752/"" title=""人 机器人交互导论"" target=""_blank"">人 机器人交互导论</a>"
"<p class=""disc eps"">推荐系统是互联网时代极具商业价值的人工智能应用之一，30 年来持续受到学术…</p>","<a href=""/book/13941751/"" title=""深度学习与信号处理：原理与实践"" target=""_blank"">深度学习与信号处理：原理与实践</a>"
"<p><span class=""badge bg-dot"">可购</span></p>","<a href=""/book/13941750/"" title=""网络安全运营服务能力指南（共9册）"" target=""_blank"">网络安全运营服务能力指南（共9册）</a>"
<p>[瑞士] 罗杰·沃滕霍弗（Roger Watten…</p>,"<a href=""/book/13941749/"" title=""白话零信任"" target=""_blank"">白话零信任</a>"
"<p class=""disc eps"">互联网是一个分布式系统，无线通信、云计算或并行计算、多核系统、移动网络也…</p>","<a href=""/book/13941748/"" title=""网络安全等级保护基本要求应用指南（通用要求部分）"" target=""_blank"">网络安全等级保护基本要求应用指南（通用要求部分）</a>"
"<p><span class=""badge bg-dot"">可购</span></p>","<a href=""/book/13941747/"" title=""网构软件信任演化模型的形式化研究：面向复杂网络"" target=""_blank"">网构软件信任演化模型的形式化研究：面向复杂网络</a>"
<p>克里斯托夫·巴特内克（Christoph Bar…</p>,"<a href=""/book/13941746/"" title=""信息学竞赛金牌导航：入门篇"" target=""_blank"">信息学竞赛金牌导航：入门篇</a>"
"<p class=""disc eps"">本书是针对研究生课程设计的，广泛概述了机器人、人工智能、心理学、社会学、…</p>","<a href=""/book/13941745/"" title=""Origin 2022科学绘图与数据分析"" target=""_blank"">Origin 2022科学绘图与数据分析</a>"
"<p><span class=""badge bg-dot"">可购</span></p>","<a href=""/book/13941744/"" title=""UG NX数控加工编程实战"" target=""_blank"">UG NX数控加工编程实战</a>"
<p>郭业才 著</p>,"<a href=""/book/13941743/"" title=""用Multisim玩转电路仿真"" target=""_blank"">用Multisim玩转电路仿真</a>"
"<p class=""disc eps"">本书分析研究了深度学习相关的网络模型，以及不同网络模型的算法结构、原理与…</p>","<a href=""/book/13941742/"" title=""AutoCAD 2022中文版建筑设计一本通"" target=""_blank"">AutoCAD 2022中文版建筑设计一本通</a>"
"<p><span class=""badge bg-dot"">可购</span></p>","<a href=""/book/13941741/"" title=""AutoCAD 2022中文版机械设计一本通"" target=""_blank"">AutoCAD 2022中文版机械设计一本通</a>"
<p>范渊 著</p>,"<a href=""/book/13941740/"" title=""SolidWorks 2022中文版机械设计从入门到精通"" target=""_blank"">SolidWorks 2022中文版机械设计从入门到精通</a>"
"<p class=""disc eps"">近年来，随着互联网的发展，我国进一步加强对网络安全的治理，国家陆续出台相…</p>","<a href=""/book/13941739/"" title=""主流开源云平台部署与应用实践"" target=""_blank"">主流开源云平台部署与应用实践</a>"
"<p><span class=""badge bg-dot"">可购</span></p>","<a href=""/book/13941738/"" title=""数据分析方法论和业务实战"" target=""_blank"">数据分析方法论和业务实战</a>"
<p>冀托 著</p>,"<a href=""/book/13941737/"" title=""数智融合：工业互联网体系、技术与应用"" target=""_blank"">数智融合：工业互联网体系、技术与应用</a>"
"<p class=""disc eps"">零信任是近年来安全领域的热门话题，已经在多个行业进入落地阶段。对于零信任…</p>","<a href=""/book/13941736/"" title=""架构演变实战：从单体到微服务再到中台"" target=""_blank"">架构演变实战：从单体到微服务再到中台</a>"
"<p><span class=""badge bg-dot"">可购</span></p>","<a href=""/book/13941735/"" title=""深入理解Istio：云原生服务网格进阶实战"" target=""_blank"">深入理解Istio：云原生服务网格进阶实战</a>"
<p>郭启全 著，陈广勇，马力，曲洁，祝国邦 编…</p>,"<a href=""/book/13941732/"" title=""芯片风云"" target=""_blank"">芯片风云</a>"
"<p class=""disc eps"">《网络安全等级保护基本要求（通用要求部分）应用指南》详细解读《信息安全技…</p>","<a href=""/book/13941731/"" title=""游戏设计梦工厂（第4版）"" target=""_blank"">游戏设计梦工厂（第4版）</a>"
"<p><span class=""badge bg-dot"">可购</span></p>","<a href=""/book/13941730/"" title=""SONY α7Ⅳ微单摄影技巧大全"" target=""_blank"">SONY α7Ⅳ微单摄影技巧大全</a>"
<p>董宇欣 等 著</p>,"<a href=""/book/13941729/"" title=""人工智能未来简史：基于脑机接口的超人制造愿景"" target=""_blank"">人工智能未来简史：基于脑机接口的超人制造愿景</a>"
"<p class=""disc eps"">本书聚焦于学术界研究的热点问题――网构软件可信性研究，从网构软件的特征出…</p>","<a href=""/book/13941728/"" title=""HTML5+CSS3+JavaScript网页制作与实训"" target=""_blank"">HTML5+CSS3+JavaScript网页制作与实训</a>"
"<p><span class=""badge bg-dot"">可购</span></p>","<a href=""/book/13941727/"" title=""网页设计与制作"" target=""_blank"">网页设计与制作</a>"
<p>吴良辉，陈旭龙，黄晶晶 著</p>,"<a href=""/book/13941726/"" title=""无代码开发Web应用：开源Drupal平台实践"" target=""_blank"">无代码开发Web应用：开源Drupal平台实践</a>"
"<p class=""disc eps"">信息学竞赛作为培养中学阶段拔尖创新人才的重要平台，越来越受到社会的重视，…</p>","<a href=""/book/13941725/"" title=""ASP.NET Core技术内幕与项目实战"" target=""_blank"">ASP.NET Core技术内幕与项目实战</a>"
"<p><span class=""badge bg-dot"">可购</span></p>","<a href=""/book/13941724/"" title=""研磨用户体验：贯穿产品设计的思路方法实践"" target=""_blank"">研磨用户体验：贯穿产品设计的思路方法实践</a>"
<p>海滨 著</p>,"<a href=""/book/13941723/"" title=""新印象 Premiere潮流短视频剪辑实战教学"" target=""_blank"">新印象 Premiere潮流短视频剪辑实战教学</a>"
"<p class=""disc eps"">Origin是美国OriginLab公司推出的科学绘图与数据分析软件，广泛应用于科技论…</p>","<a href=""/book/13941722/"" title=""精通MATLAB数字图像处理与识别（第二版）"" target=""_blank"">精通MATLAB数字图像处理与识别（第二版）</a>"
"<p><span class=""badge bg-dot"">可购</span></p>","<a href=""/book/13941721/"" title=""中文版Photoshop平面设计基础培训教程"" target=""_blank"">中文版Photoshop平面设计基础培训教程</a>"
<p>陈桂山，胡军，胡德昌 著</p>,"<a href=""/book/13941720/"" title=""Excel完全自学教程"" target=""_blank"">Excel完全自学教程</a>"
"<p class=""disc eps"">《UG NX数控加工编程实战（1872系列）》详细介绍了UG NX 1872系列的数控加工…</p>","<a href=""/book/13941719/"" title=""5GtoB从理论到实践"" target=""_blank"">5GtoB从理论到实践</a>"
"<p><span class=""badge bg-dot"">可购</span></p>","<a href=""/book/13941718/"" title=""MySQL数据库技术与项目应用教程（微课版 第2版）"" target=""_blank"">MySQL数据库技术与项目应用教程（微课版 第2版）</a>"
<p>刘波 等 著</p>,"<a href=""/book/13941717/"" title=""精通Vue.js：Web前端开发技术详解（微课视频版）"" target=""_blank"">精通Vue.js：Web前端开发技术详解（微课视频版）</a>"
"<p class=""disc eps"">本书主要介绍使用 Multisim 进行电路设计仿真的方法。内容涉及 Multisim 软件…</p>","<a href=""/book/13941716/"" title=""区块链：技术原理与应用实践"" target=""_blank"">区块链：技术原理与应用实践</a>"
"<p><span class=""badge bg-dot"">可购</span></p>","<a href=""/book/13941715/"" title=""敏捷测试从零开始"" target=""_blank"">敏捷测试从零开始</a>"
<p>韩哲 著</p>,"<a href=""/book/13941714/"" title=""数字图像处理技术（MATLAB实现）"" target=""_blank"">数字图像处理技术（MATLAB实现）</a>"
<p>王维波，鄢志丹，王钊 著</p>,"<a href=""/book/13943121/"" title=""STM32Cube高效开发教程：基础+高级篇（套装2册）"" target=""_blank"">STM32Cube高效开发教程：基础+高级篇（套装2册）</a>"
"<p class=""disc eps"">《STM32Cube高效开发教程（基础篇）》 STM32CubeMX和STM32CubeIDE是ST公司提…</p>","<a href=""/book/13943120/"" title=""MATLAB App Designer 33个机械工程案例分析"" target=""_blank"">MATLAB App Designer 33个机械工程案例分析</a>"
"<p><span class=""badge bg-dot"">可购</span></p>","<a href=""/book/13943119/"" title=""卓有成效的工程师"" target=""_blank"">卓有成效的工程师</a>"
<p>陆爽，蒋永华 著</p>,"<a href=""/book/13943118/"" title=""泛工业革命：直达信息社会5.0的路径解析"" target=""_blank"">泛工业革命：直达信息社会5.0的路径解析</a>"
"<p class=""disc eps"">本书针对新一代GUI开发平台MATLAB App Designer（MATLAB R2019b）的应用分两…</p>","<a href=""/book/13943117/"" title=""Web全栈开发技术研究与实践"" target=""_blank"">Web全栈开发技术研究与实践</a>"
"<p><span class=""badge bg-dot"">可购</span></p>","<a href=""/book/13943116/"" title=""jQuery网页特效任务驱动式教程（微课版）"" target=""_blank"">jQuery网页特效任务驱动式教程（微课版）</a>"
<p>万学凡，顾宇 著</p>,"<a href=""/book/13943115/"" title=""Dreamweaver 网页设计与制作完全实训手册"" target=""_blank"">Dreamweaver 网页设计与制作完全实训手册</a>"
"<p class=""disc eps"">本书介绍一个强大的框架——杠杆率，用来推断、分析工作的有效性与影响力，研…</p>","<a href=""/book/13943114/"" title=""从零开始 Premiere Pro 2020中文版基础教程"" target=""_blank"">从零开始 Premiere Pro 2020中文版基础教程</a>"
"<p><span class=""badge bg-dot"">可购</span></p>","<a href=""/book/13943113/"" title=""新印象 Cinema 4D/Octane商业动画制作技术与项目精粹"" target=""_blank"">新印象 Cinema 4D/Octane商业动画制作技术与项目精粹</a>"
<p>陈根 著</p>,"<a href=""/book/13943112/"" title=""中文版Illustrator 2022完全案例教程（微课视频版）"" target=""_blank"">中文版Illustrator 2022完全案例教程（微课视频版）</a>"
"<p class=""disc eps"">世界以制造为本。继工业4.0之后的全新概念―泛工业革命，将是一场嵌入整个技…</p>","<a href=""/book/13943111/"" title=""中文版Illustrator CS6基础培训教程（全彩版）"" target=""_blank"">中文版Illustrator CS6基础培训教程（全彩版）</a>"
"<p><span class=""badge bg-dot"">可购</span></p>","<a href=""/book/13943110/"" title=""花艺摄影速学教程"" target=""_blank"">花艺摄影速学教程</a>"
<p>陶文寅 著</p>,"<a href=""/book/13943109/"" title=""服装设计款式图绘制手册（女装版）"" target=""_blank"">服装设计款式图绘制手册（女装版）</a>"
"<p class=""disc eps"">全书由8章构成，主要介绍了Web系统的上层架构、Web全栈系统开发环境的搭建、…</p>","<a href=""/book/13943108/"" title=""智慧城市与城市计算"" target=""_blank"">智慧城市与城市计算</a>"
"<p><span class=""badge bg-dot"">可购</span></p>","<a href=""/book/13943107/"" title=""物联网安全与深度学习技术"" target=""_blank"">物联网安全与深度学习技术</a>"
<p>王爱华，薛现伟 著</p>,"<a href=""/book/13943106/"" title=""网络系统规划设计"" target=""_blank"">网络系统规划设计</a>"
"<p class=""disc eps"">本书以任务驱动方式对网页特效相关知识进行讲解，按照特效类别划分为10个项目…</p>","<a href=""/book/13943105/"" title=""计算机网络：系统方法（原书第6版）"" target=""_blank"">计算机网络：系统方法（原书第6版）</a>"
"<p><span class=""badge bg-dot"">可购</span></p>","<a href=""/book/13943104/"" title=""深入Linux内核架构与底层原理（第2版）"" target=""_blank"">深入Linux内核架构与底层原理（第2版）</a>"
<p>周伟，李娟，徐海燕 著</p>,"<a href=""/book/13943103/"" title=""雷达辐射源信号在线分选"" target=""_blank"">雷达辐射源信号在线分选</a>"
"<p class=""disc eps"">《Dreamweaver 网页设计与制作完全实训手册》根据使用 Dreamweaver CC 2018 …</p>","<a href=""/book/13943102/"" title=""SPSS进阶分析与实务"" target=""_blank"">SPSS进阶分析与实务</a>"
"<p><span class=""badge bg-dot"">可购</span></p>","<a href=""/book/13943101/"" title=""MySQL DBA 精英实战课（全彩）"" target=""_blank"">MySQL DBA 精英实战课（全彩）</a>"
<p>布克科技，段睿光，朱渤，陆平 著</p>,"<a href=""/book/13943100/"" title=""电工电子技术与忆阻器应用"" target=""_blank"">电工电子技术与忆阻器应用</a>"
"<p class=""disc eps"">布克科技：科技类、通识教育类图书创作团队，主要由企业一线专家和高校优秀教…</p>","<a href=""/book/13943099/"" title=""从零开始Linux运维实践"" target=""_blank"">从零开始Linux运维实践</a>"
"<p><span class=""badge bg-dot"">可购</span></p>","<a href=""/book/13943098/"" title=""Revit建模进阶标准教程（实战微课版）"" target=""_blank"">Revit建模进阶标准教程（实战微课版）</a>"
<p>章访 著</p>,"<a href=""/book/13943097/"" title=""软件设计：从专业到卓越"" target=""_blank"">软件设计：从专业到卓越</a>"
"<p class=""disc eps"">这是一本能让读者提升三维动画制作能力的教程。全书结合Cinema 4D、Octane和…</p>","<a href=""/book/13943096/"" title=""Python编程轻松进阶"" target=""_blank"">Python编程轻松进阶</a>"
"<p><span class=""badge bg-dot"">可购</span></p>","<a href=""/book/13943095/"" title=""Linux C/C++服务器开发实践"" target=""_blank"">Linux C/C++服务器开发实践</a>"
<p>唯美世界，瞿颖健 著</p>,"<a href=""/book/13943094/"" title=""Vue.js 3.x快速入门"" target=""_blank"">Vue.js 3.x快速入门</a>"
"<p class=""disc eps"">《中文版Illustrator 2022完全案例教程（微课视频版）》以Illustrator 2022版…</p>","<a href=""/book/13942750/"" title=""让数据变活：用Tableau快速简单做可视化分析"" target=""_blank"">让数据变活：用Tableau快速简单做可视化分析</a>"
"<p><span class=""badge bg-dot"">可购</span></p>","<a href=""/book/13942749/"" title=""全光家庭组网与技术"" target=""_blank"">全光家庭组网与技术</a>"
<p>数字艺术教育研究室 著</p>,"<a href=""/book/13942748/"" title=""服务互联网运行原理与实践"" target=""_blank"">服务互联网运行原理与实践</a>"
"<p class=""disc eps"">《中文版Illustrator CS6基础培训教程（全彩版）》全面系统地介绍了Illustra…</p>","<a href=""/book/13942747/"" title=""世界前沿技术发展报告2022"" target=""_blank"">世界前沿技术发展报告2022</a>"
"<p><span class=""badge bg-dot"">可购</span></p>","<a href=""/book/13942746/"" title=""《互联网网络安全设施工程技术标准》实施指南"" target=""_blank"">《互联网网络安全设施工程技术标准》实施指南</a>"
<p>夏溪 著</p>,"<a href=""/book/13942745/"" title=""分布式高可用架构之道"" target=""_blank"">分布式高可用架构之道</a>"
"<p class=""disc eps"">《花艺摄影速学教程》是专门为花店从业者、花艺师量身打造，帮助没有摄影基础…</p>","<a href=""/book/13942744/"" title=""青少年编程魔法课堂 Python图形化创意编程"" target=""_blank"">青少年编程魔法课堂 Python图形化创意编程</a>"
"<p><span class=""badge bg-dot"">可购</span></p>","<a href=""/book/13942743/"" title=""Qt Creator快速入门（第4版）"" target=""_blank"">Qt Creator快速入门（第4版）</a>"
<p>唐伟，彭君，刘媛媛 著</p>,"<a href=""/book/13941759/"" title=""网络化并联式串级控制时延补偿与控制"" target=""_blank"">网络化并联式串级控制时延补偿与控制</a>"
"<p class=""disc eps"">这是一本服装设计款式图参考与绘制技法书，展示了女装款式案例，书中所有图例…</p>","<a href=""/book/13941758/"" title=""树莓派4与人工智能实战项目"" target=""_blank"">树莓派4与人工智能实战项目</a>"
"<p><span class=""badge bg-dot"">可购</span></p>","<a href=""/book/13941757/"" title=""自动驾驶算法与芯片设计"" target=""_blank"">自动驾驶算法与芯片设计</a>"
<p>徐小龙 等 著</p>,"<a href=""/book/13941756/"" title=""掌控Python：人工智能之语音识别"" target=""_blank"">掌控Python：人工智能之语音识别</a>"
<p>赵延宾 著</p>,"<a href=""/book/13940207/"" title=""那些年，我们一起写过的逻辑"" target=""_blank"">那些年，我们一起写过的逻辑</a>"
"<p class=""disc eps"">集成电路、FPGA的发展，是与其市场应用相辅相成的。MIPI是移动产业处理器接口…</p>","<a href=""/book/13940206/"" title=""AutoCAD 2022中文版室内装潢设计从入门到精通"" target=""_blank"">AutoCAD 2022中文版室内装潢设计从入门到精通</a>"
"<p><span class=""badge bg-dot"">可购</span></p>","<a href=""/book/13940205/"" title=""AutoCAD 2022中文版从入门到精通（标准版）"" target=""_blank"">AutoCAD 2022中文版从入门到精通（标准版）</a>"
<p>CAD 编</p>,"<a href=""/book/13940204/"" title=""AutoCAD 2022中文版机械设计从入门到精通"" target=""_blank"">AutoCAD 2022中文版机械设计从入门到精通</a>"
"<p class=""disc eps"">《AutoCAD 2022中文版室内装潢设计从入门到精通》讲述了利用AutoCAD 2022进行…</p>","<a href=""/book/13940203/"" title=""中文版Autodesk Revit Architecture 2022从入门到精通（实战案例版）"" target=""_blank"">中文版Autodesk Revit Architecture 2022从入门到精通（实战案例版…</a>"
"<p><span class=""badge bg-dot"">可购</span></p>","<a href=""/book/13940202/"" title=""甲骨文信息处理导论"" target=""_blank"">甲骨文信息处理导论</a>"
<p>CAD 编</p>,"<a href=""/book/13940201/"" title=""粒认知计算"" target=""_blank"">粒认知计算</a>"
"<p class=""disc eps"">《AutoCAD2022中文版从入门到精通（标准版）/清华社视频大讲堂大系》综合介绍…</p>","<a href=""/book/13940200/"" title=""性能之巅：系统、企业与云可观测性（第2版）"" target=""_blank"">性能之巅：系统、企业与云可观测性（第2版）</a>"
"<p><span class=""badge bg-dot"">可购</span></p>","<a href=""/book/13940199/"" title=""数据应用工程：方法论与实践"" target=""_blank"">数据应用工程：方法论与实践</a>"
<p>CAD 编</p>,"<a href=""/book/13940197/"" title=""HCIA-HarmonyOS应用开发学习指南"" target=""_blank"">HCIA-HarmonyOS应用开发学习指南</a>"
"<p class=""disc eps"">本书结合机械设计课程中最常用的工程设计实例——一级圆柱斜齿轮减速器设计，…</p>","<a href=""/book/13940196/"" title=""天猫精灵诞生记：如何在互联网公司做硬件"" target=""_blank"">天猫精灵诞生记：如何在互联网公司做硬件</a>"
"<p><span class=""badge bg-dot"">可购</span></p>","<a href=""/book/13940195/"" title=""第四产业：Web3.0与数字化未来"" target=""_blank"">第四产业：Web3.0与数字化未来</a>"
<p>天工在线 著</p>,"<a href=""/book/13940194/"" title=""成长力：揭秘硅谷科技人才成长模式"" target=""_blank"">成长力：揭秘硅谷科技人才成长模式</a>"
"<p class=""disc eps"">《中文版Autodesk Revit Architecture 2022从入门到精通（实战案例版）》详细…</p>","<a href=""/book/13940193/"" title=""Vue.js全平台前端实战"" target=""_blank"">Vue.js全平台前端实战</a>"
"<p><span class=""badge bg-dot"">可购</span></p>","<a href=""/book/13940192/"" title=""Photoshop建筑效果图后期处理技法精讲（第5版）"" target=""_blank"">Photoshop建筑效果图后期处理技法精讲（第5版）</a>"
<p>高峰，刘永革 著</p>,"<a href=""/book/13940191/"" title=""中文版Photoshop CS6基础培训教程（全彩版）"" target=""_blank"">中文版Photoshop CS6基础培训教程（全彩版）</a>"
"<p class=""disc eps"">《甲骨文信息处理导论》教材采用通俗易懂的语言，将晦涩的知识趣味化，将高深…</p>","<a href=""/book/13940190/"" title=""图形创意设计必修课（Illustrator版）"" target=""_blank"">图形创意设计必修课（Illustrator版）</a>"
"<p><span class=""badge bg-dot"">可购</span></p>","<a href=""/book/13940189/"" title=""手机摄影后期修图、调色实用技巧108招（视频教学版）"" target=""_blank"">手机摄影后期修图、调色实用技巧108招（视频教学版）</a>"
<p>刘洪波 等 著</p>,"<a href=""/book/13940188/"" title=""剪映短视频剪辑从入门到精通（手机版+电脑版）"" target=""_blank"">剪映短视频剪辑从入门到精通（手机版+电脑版）</a>"
"<p class=""disc eps"">《粒认知计算》介绍了粒认知计算。内容主要有粒认知计算与粗糙集、约简方法、…</p>","<a href=""/book/13940187/"" title=""中文版CorelDRAW 2020基础培训教程（全彩版）"" target=""_blank"">中文版CorelDRAW 2020基础培训教程（全彩版）</a>"
"<p><span class=""badge bg-dot"">可购</span></p>","<a href=""/book/13940186/"" title=""中文版Illustrator 2020基础培训教程（全彩版）"" target=""_blank"">中文版Illustrator 2020基础培训教程（全彩版）</a>"
<p>[美] Brendan Gregg 著</p>,"<a href=""/book/13940185/"" title=""中文版CorelDRAW 2020基础培训教程"" target=""_blank"">中文版CorelDRAW 2020基础培训教程</a>"
<p>庄严 著，庄严 编</p>,"<a href=""/book/13936023/"" title=""白话C++之练武"" target=""_blank"">白话C++之练武</a>"
"<p class=""disc eps"">《白话C++》将学习编程分成“练功”和“练武”两册。“练功“主讲C++编程基础…</p>","<a href=""/book/13936022/"" title=""罗布乐思开发官方指南 从入门到实践"" target=""_blank"">罗布乐思开发官方指南 从入门到实践</a>"
"<p><span class=""badge bg-dot"">可购</span></p>","<a href=""/book/13932607/"" title=""模式分类（原书第2版·典藏版）"" target=""_blank"">模式分类（原书第2版·典藏版）</a>"
<p>[美] 罗布乐思公司（Roblox Corporation）…</p>,"<a href=""/book/13932606/"" title=""中国区域数字化能力指数研究"" target=""_blank"">中国区域数字化能力指数研究</a>"
"<p class=""disc eps"">罗布乐思（Roblox）Studio 是融合了3D 引擎、社交、云存储的开发工具，是优质…</p>","<a href=""/book/13932605/"" title=""HTML5+CSS3 Web开发案例教程"" target=""_blank"">HTML5+CSS3 Web开发案例教程</a>"
"<p><span class=""badge bg-dot"">可购</span></p>","<a href=""/book/13930680/"" title=""ERP软件维护技术"" target=""_blank"">ERP软件维护技术</a>"
<p>[美] 理查德·O.杜达 著</p>,"<a href=""/book/13930679/"" title=""网络威胁情报技术指南"" target=""_blank"">网络威胁情报技术指南</a>"
"<p class=""disc eps"">本书是模式识别和场景分析领域奠基性的经典名著。在第2版中，除了保留了第1版…</p>","<a href=""/book/13930678/"" title=""抽象动态规划（第2版）"" target=""_blank"">抽象动态规划（第2版）</a>"
"<p><span class=""badge bg-dot"">可购</span></p>","<a href=""/book/13930677/"" title=""GIS专题开发与设计实验教程"" target=""_blank"">GIS专题开发与设计实验教程</a>"
<p>范合君，吴婷，王思雨，何思锦 著</p>,"<a href=""/book/13930676/"" title=""视频号与社群掘金实战手册"" target=""_blank"">视频号与社群掘金实战手册</a>"
"<p class=""disc eps"">本书通过对我国各省级行政区的数字化能力指数进行测度评估，利用系统聚类分析…</p>","<a href=""/book/13930675/"" title=""单片机原理与接口技术"" target=""_blank"">单片机原理与接口技术</a>"
"<p><span class=""badge bg-dot"">可购</span></p>","<a href=""/book/13930674/"" title=""电脑创作"" target=""_blank"">电脑创作</a>"
<p>温谦 著</p>,"<a href=""/book/13930673/"" title=""计算机组装与维护基础教程"" target=""_blank"">计算机组装与维护基础教程</a>"
"<p class=""disc eps"">本书紧密围绕前端开发工程师在工作中会遇到的实际问题和相应的解决方法与技术…</p>","<a href=""/book/13930672/"" title=""电脑制作"" target=""_blank"">电脑制作</a>"
"<p><span class=""badge bg-dot"">可购</span></p>","<a href=""/book/13930671/"" title=""计算机组装与维修"" target=""_blank"">计算机组装与维修</a>"
<p>刘一君，李宗伟，廖晓军</p>,"<a href=""/book/13930670/"" title=""计算机维护与维修（第2版）"" target=""_blank"">计算机维护与维修（第2版）</a>"
"<p class=""disc eps"">随着互联网技术和相关管理工具的不断发展，ERP软件逐渐被应用到移动端和云端…</p>","<a href=""/book/13930669/"" title=""CPU通识课"" target=""_blank"">CPU通识课</a>"
"<p><span class=""badge bg-dot"">可购</span></p>","<a href=""/book/13930668/"" title=""在线用户行为挖掘与影响力：度量与认证"" target=""_blank"">在线用户行为挖掘与影响力：度量与认证</a>"
<p>天际友盟</p>,"<a href=""/book/13930667/"" title=""未来科技：信任与安全"" target=""_blank"">未来科技：信任与安全</a>"
"<p class=""disc eps"">暂缺简介...</p>","<a href=""/book/13930666/"" title=""认识数字新基建"" target=""_blank"">认识数字新基建</a>"
"<p><span class=""badge bg-dot"">可购</span></p>","<a href=""/book/13930665/"" title=""设计之外：包豪斯没教给你的"" target=""_blank"">设计之外：包豪斯没教给你的</a>"
<p>[美]德梅萃·P.博赛卡斯（Dimitri P. …</p>,"<a href=""/book/13930664/"" title=""设计配色：超越平凡的95个要点"" target=""_blank"">设计配色：超越平凡的95个要点</a>"
"<p class=""disc eps"">第2版的主要目的是扩大第1版（2013）的第3章和第4章的半契约模型的内容，并以…</p>","<a href=""/book/13930663/"" title=""元宇宙大爆炸：产业元宇宙的全球洞察与战略落地"" target=""_blank"">元宇宙大爆炸：产业元宇宙的全球洞察与战略落地</a>"
"<p><span class=""badge bg-dot"">可购</span></p>","<a href=""/book/13930662/"" title=""设计思维与产品创意"" target=""_blank"">设计思维与产品创意</a>"
<p>胡引翠等</p>,"<a href=""/book/13930661/"" title=""全球视野 中国实践"" target=""_blank"">全球视野 中国实践</a>"
"<p class=""disc eps"">本书通过具体实验教学案例，介绍桌面GIS、WebGIS、移动GIS等地理信息系统开发…</p>","<a href=""/book/13930660/"" title=""产品形态美度计算技术"" target=""_blank"">产品形态美度计算技术</a>"
"<p class=""disc eps"">大型企业服务、云计算和虚拟计算系统都面临着严峻的性能挑战。如今，国际知名…</p>","<a href=""/book/13940184/"" title=""中文版Illustrator 2020基础培训教程"" target=""_blank"">中文版Illustrator 2020基础培训教程</a>"
"<p><span class=""badge bg-dot"">可购</span></p>","<a href=""/book/13940183/"" title=""Adobe After Effects 2021经典教程（彩色版）"" target=""_blank"">Adobe After Effects 2021经典教程（彩色版）</a>"
<p>钟大伟，高铎，王鹏，宋超 著</p>,"<a href=""/book/13940182/"" title=""Adobe Premiere Pro 2021经典教程（彩色版）"" target=""_blank"">Adobe Premiere Pro 2021经典教程（彩色版）</a>"
"<p class=""disc eps"">这是一本讲解组织数据能力建设与数据应用工程化的著作，它旨在为企业应用和管…</p>","<a href=""/book/13940181/"" title=""Photoshop 2022设计基础+商业设计实战"" target=""_blank"">Photoshop 2022设计基础+商业设计实战</a>"
"<p><span class=""badge bg-dot"">可购</span></p>","<a href=""/book/13940180/"" title=""零基础 Photoshop完全自学教程"" target=""_blank"">零基础 Photoshop完全自学教程</a>"
<p>华为技术有限公司 著</p>,"<a href=""/book/13940179/"" title=""Excel 2019在会计与财务工作中的典型应用"" target=""_blank"">Excel 2019在会计与财务工作中的典型应用</a>"
"<p class=""disc eps"">本书首先对HarmonyOS和OpenHarmony进行概述，同时阐述了两者的区别，其次讲解…</p>","<a href=""/book/13940178/"" title=""不一样的WPS：职场办公第一课"" target=""_blank"">不一样的WPS：职场办公第一课</a>"
"<p><span class=""badge bg-dot"">可购</span></p>","<a href=""/book/13940177/"" title=""Word/Excel/PPT 2021三合一完全自学教程"" target=""_blank"">Word/Excel/PPT 2021三合一完全自学教程</a>"
<p>郭威，樊建军，孟京生 等 著</p>,"<a href=""/book/13940176/"" title=""IT审计：用SQL+Python提升工作效率"" target=""_blank"">IT审计：用SQL+Python提升工作效率</a>"
"<p class=""disc eps"">本书系统地讲解了智能硬件开发中的各个子系统，全书共有7章，系统地论述了ES…</p>","<a href=""/book/13940175/"" title=""轻量级密码学"" target=""_blank"">轻量级密码学</a>"
"<p><span class=""badge bg-dot"">可购</span></p>","<a href=""/book/13940174/"" title=""产业元宇宙"" target=""_blank"">产业元宇宙</a>"
<p>俞学劢 等 著</p>,"<a href=""/book/13940173/"" title=""基于网络特征学习的个性化推荐系统"" target=""_blank"">基于网络特征学习的个性化推荐系统</a>"
"<p class=""disc eps"">伴随中国经济发展双循环战略的明晰，启动国内经济高质量循环的关键，就在于各…</p>","<a href=""/book/13940172/"" title=""数智融合：楼宇智慧化转型之路"" target=""_blank"">数智融合：楼宇智慧化转型之路</a>"
"<p><span class=""badge bg-dot"">可购</span></p>","<a href=""/book/13940171/"" title=""未来网络与物联网"" target=""_blank"">未来网络与物联网</a>"
"<p><span class=""badge bg-dot"">可购</span></p>","<a href=""/book/13930659/"" title=""职业素养入门与提升"" target=""_blank"">职业素养入门与提升</a>"
<p>吴智银 吴涛  著</p>,"<a href=""/book/13930658/"" title=""敏捷领导力：团队成长工具箱"" target=""_blank"">敏捷领导力：团队成长工具箱</a>"
"<p class=""disc eps"">视频号是微信生态体系当中一款打通了微信所有端口的超级产品，也是短视频后半…</p>","<a href=""/book/13930657/"" title=""Spark项目实战"" target=""_blank"">Spark项目实战</a>"
"<p><span class=""badge bg-dot"">可购</span></p>","<a href=""/book/13930656/"" title=""IT传：信息技术250年"" target=""_blank"">IT传：信息技术250年</a>"
<p>孙惠芹　主编</p>,"<a href=""/book/13930655/"" title=""企业数字化 从方法到实施"" target=""_blank"">企业数字化 从方法到实施</a>"
"<p class=""disc eps"">《单片机原理与接口技术》通过I。ED闪烁控制、跑马灯设计、流水灯设计、电子…</p>","<a href=""/book/13930654/"" title=""无代码编程：用云表搭建企业数字化管理平台"" target=""_blank"">无代码编程：用云表搭建企业数字化管理平台</a>"
"<p><span class=""badge bg-dot"">可购</span></p>","<a href=""/book/13930653/"" title=""元宇宙时代"" target=""_blank"">元宇宙时代</a>"
<p>胡永跃 袁港  赵超鸿</p>,"<a href=""/book/13930652/"" title=""物联网信息处理与安全"" target=""_blank"">物联网信息处理与安全</a>"
"<p class=""disc eps"">《电脑创作》为创客教育系列丛书的初中*册，内容包括数字创作、创意编程和人…</p>","<a href=""/book/13930651/"" title=""网络信息技术与网络安全"" target=""_blank"">网络信息技术与网络安全</a>"
"<p><span class=""badge bg-dot"">可购</span></p>","<a href=""/book/13930650/"" title=""OFDM通信系统容量与信道估计研究"" target=""_blank"">OFDM通信系统容量与信道估计研究</a>"
<p>朱伟华，潘谈　主编</p>,"<a href=""/book/13930649/"" title=""网络安全大数据分析与实战"" target=""_blank"">网络安全大数据分析与实战</a>"
"<p class=""disc eps"">随着信息产业的发展和成熟，越来越多人的工作、学习、生活和娱乐都离不开计算…</p>","<a href=""/book/13930648/"" title=""智能设备防黑客与信息安全"" target=""_blank"">智能设备防黑客与信息安全</a>"
"<p><span class=""badge bg-dot"">可购</span></p>","<a href=""/book/13930647/"" title=""面向国家公共安全的互联网信息行为及治理研究"" target=""_blank"">面向国家公共安全的互联网信息行为及治理研究</a>"
<p>陈新茜 著</p>,"<a href=""/book/13940170/"" title=""图书馆网络资源保存体系建设与实践"" target=""_blank"">图书馆网络资源保存体系建设与实践</a>"
"<p class=""disc eps"">讨论在技术和商业模式快速变革的时代高科技公司的技术型员工如何成长为既懂技…</p>","<a href=""/book/13940169/"" title=""视觉大数据智能分析算法实战"" target=""_blank"">视觉大数据智能分析算法实战</a>"
"<p><span class=""badge bg-dot"">可购</span></p>","<a href=""/book/13940168/"" title=""数据迷雾：洞察数据的价值与内涵"" target=""_blank"">数据迷雾：洞察数据的价值与内涵</a>"
<p>凌杰 著</p>,"<a href=""/book/13940167/"" title=""区块链去中心化指数研究：计算方法、技术及其数字经济意义"" target=""_blank"">区块链去中心化指数研究：计算方法、技术及其数字经济意义</a>"
<p>龙海侠 等 著</p>,"<a href=""/book/13936103/"" title=""深度学习算法及其在网络空间安全中的应用"" target=""_blank"">深度学习算法及其在网络空间安全中的应用</a>"
"<p class=""disc eps"">本书主要研究深度学习模型及其在网络空间安全领域中的应用，包括入侵检测和恶…</p>","<a href=""/book/13936102/"" title=""信息隐藏与数字水印技术"" target=""_blank"">信息隐藏与数字水印技术</a>"
"<p><span class=""badge bg-dot"">可购</span></p>","<a href=""/book/13936101/"" title=""CCSP云安全专家认证All-in-One（第2版）"" target=""_blank"">CCSP云安全专家认证All-in-One（第2版）</a>"
<p>冯柳平 著</p>,"<a href=""/book/13936100/"" title=""网络安全等级保护测评要求应用指南"" target=""_blank"">网络安全等级保护测评要求应用指南</a>"
"<p class=""disc eps"">本书对信息隐藏技术及其应用进行介绍，全书共分为6章，第1章介绍信息隐藏基础…</p>","<a href=""/book/13936099/"" title=""云计算安全：关键技术、原理及应用"" target=""_blank"">云计算安全：关键技术、原理及应用</a>"
"<p><span class=""badge bg-dot"">可购</span></p>","<a href=""/book/13936098/"" title=""网络安全技术与实训（微课版 第5版）"" target=""_blank"">网络安全技术与实训（微课版 第5版）</a>"
<p>[美] 丹尼尔·卡特（Daniel Carter） …</p>,"<a href=""/book/13936097/"" title=""基于多模式数据的行为分析与预测关键技术研究"" target=""_blank"">基于多模式数据的行为分析与预测关键技术研究</a>"
"<p class=""disc eps"">涵盖所有六个知识域： ●云概念、架构与设计 ●云数据安全 ●云平台与基础架…</p>","<a href=""/book/13936096/"" title=""信息技术学习指导与练习（基础模块 下册）"" target=""_blank"">信息技术学习指导与练习（基础模块 下册）</a>"
"<p><span class=""badge bg-dot"">可购</span></p>","<a href=""/book/13936095/"" title=""计算机应用基础教程（Windows 7+Office 2016）"" target=""_blank"">计算机应用基础教程（Windows 7+Office 2016）</a>"
<p>郭启全 编</p>,"<a href=""/book/13936094/"" title=""ES32微控制器应用入门"" target=""_blank"">ES32微控制器应用入门</a>"
"<p class=""disc eps"">为了更好地理解《信息安全技术网络安全等级保护评估要求》GB/T 28448-2019的…</p>","<a href=""/book/13936093/"" title=""农田土壤环境监测与质控信息系统数据字典"" target=""_blank"">农田土壤环境监测与质控信息系统数据字典</a>"
"<p><span class=""badge bg-dot"">可购</span></p>","<a href=""/book/13936092/"" title=""政务信息共享数据安全实践"" target=""_blank"">政务信息共享数据安全实践</a>"
<p>邓立国，郭雅秋，陈子尧，邓淇文 著</p>,"<a href=""/book/13940166/"" title=""scikit-learn机器学习实战"" target=""_blank"">scikit-learn机器学习实战</a>"
"<p class=""disc eps"">本书围绕scikit-learn库，详细介绍机器学习模型、算法、应用场景及其案例实现…</p>","<a href=""/book/13940165/"" title=""微信小程序开发实战入门"" target=""_blank"">微信小程序开发实战入门</a>"
"<p><span class=""badge bg-dot"">可购</span></p>","<a href=""/book/13940164/"" title=""从0到1：Python数据分析"" target=""_blank"">从0到1：Python数据分析</a>"
<p>刘芳华，段高华，吴福英 著，张光河 编</p>,"<a href=""/book/13940163/"" title=""树莓派智能系统设计与应用（微课视频版）"" target=""_blank"">树莓派智能系统设计与应用（微课视频版）</a>"
"<p class=""disc eps"">本书是一本微信小程序开发入门级的教程，全书分为两部分，第一部分主要介绍微…</p>","<a href=""/book/13940162/"" title=""MySQL 8.0运维与优化（微课视频版）"" target=""_blank"">MySQL 8.0运维与优化（微课视频版）</a>"
"<p><span class=""badge bg-dot"">可购</span></p>","<a href=""/book/13940161/"" title=""软件架构师手册"" target=""_blank"">软件架构师手册</a>"
<p>莫振杰 著</p>,"<a href=""/book/13940160/"" title=""钉钉低代码开发零基础入门"" target=""_blank"">钉钉低代码开发零基础入门</a>"
"<p class=""disc eps"">作者根据自己多年的前后端开发经验，站在完全零基础读者的角度，详尽介绍了P…</p>","<a href=""/book/13940159/"" title=""微型Lisp解释器的构造与实现"" target=""_blank"">微型Lisp解释器的构造与实现</a>"
"<p><span class=""badge bg-dot"">可购</span></p>","<a href=""/book/13940158/"" title=""HTML5与CSS3程序设计"" target=""_blank"">HTML5与CSS3程序设计</a>"
<p>王勇 著</p>,"<a href=""/book/13940157/"" title=""用Go语言自制解释器"" target=""_blank"">用Go语言自制解释器</a>"
"<p class=""disc eps"">全书一共8章。第1章对树莓派的基本知识与常用技巧进行了汇编与整理，便于读者…</p>","<a href=""/book/13940156/"" title=""用Go语言自制编译器"" target=""_blank"">用Go语言自制编译器</a>"
"<p><span class=""badge bg-dot"">可购</span></p>","<a href=""/book/13940155/"" title=""思科网络技术学院教程（第七版 网络简介）"" target=""_blank"">思科网络技术学院教程（第七版 网络简介）</a>"
<p>胡永跃 胡莉华  阮德怀</p>,"<a href=""/book/13930646/"" title=""信息科学基础"" target=""_blank"">信息科学基础</a>"
<p>熊小刚 著</p>,"<a href=""/book/13937142/"" title=""生态文明视阈下中三角跨区域协同创新网络研究"" target=""_blank"">生态文明视阈下中三角跨区域协同创新网络研究</a>"
"<p class=""disc eps"">本书紧密结合区域经济增长与生态可持续协调发展的思想，在生态文明建设的指导…</p>","<a href=""/book/13937141/"" title=""PowerShell实战"" target=""_blank"">PowerShell实战</a>"
"<p><span class=""badge bg-dot"">可购</span></p>","<a href=""/book/13937140/"" title=""智能仓储大数据分析（高级）"" target=""_blank"">智能仓储大数据分析（高级）</a>"
<p>[美] 亚当·伯特伦（Adam Bertram） 著…</p>,"<a href=""/book/13937139/"" title=""智能仓储大数据分析（初级）"" target=""_blank"">智能仓储大数据分析（初级）</a>"
"<p class=""disc eps"">本书通过大量实例带领系统管理员将成千上万的日常任务自动化，构建自定义工具…</p>","<a href=""/book/13937138/"" title=""智能仓储大数据分析（中级）"" target=""_blank"">智能仓储大数据分析（中级）</a>"
"<p><span class=""badge bg-dot"">可购</span></p>","<a href=""/book/13937137/"" title=""瀚高数据库实战指南"" target=""_blank"">瀚高数据库实战指南</a>"
<p>北京京东乾石科技有限公司组编，董振 编</p>,"<a href=""/book/13937136/"" title=""工业物联网技术及应用"" target=""_blank"">工业物联网技术及应用</a>"
"<p class=""disc eps"">本书是教育部1+X职业技能等级证书“智能仓储大数据分析”配套教材，根据证书…</p>","<a href=""/book/13937135/"" title=""图深度学习从理论到实践"" target=""_blank"">图深度学习从理论到实践</a>"
"<p><span class=""badge bg-dot"">可购</span></p>","<a href=""/book/13937134/"" title=""设计模式之美"" target=""_blank"">设计模式之美</a>"
<p>北京京东乾石科技有限公司组编，王晓阔，范…</p>,"<a href=""/book/13937133/"" title=""机器人图形化编程：从0到1"" target=""_blank"">机器人图形化编程：从0到1</a>"
"<p class=""disc eps"">本书是教育部1+X职业技能等级证书“智能仓储大数据分析”配套教材。根据证书…</p>","<a href=""/book/13936541/"" title=""人工智能通识讲义"" target=""_blank"">人工智能通识讲义</a>"
"<p><span class=""badge bg-dot"">可购</span></p>","<a href=""/book/13936540/"" title=""人工智能机器视觉识别入门"" target=""_blank"">人工智能机器视觉识别入门</a>"
<p>北京京东乾石科技有限公司组编，主编：邓汝…</p>,"<a href=""/book/13936539/"" title=""黑客与画家（10万册纪念版）"" target=""_blank"">黑客与画家（10万册纪念版）</a>"
"<p class=""disc eps"">本书是教育部1+X职业技能等级证书“智能仓储大数据分析”配套教材。根据证书…</p>","<a href=""/book/13936538/"" title=""接口测试方法论"" target=""_blank"">接口测试方法论</a>"
"<p><span class=""badge bg-dot"">可购</span></p>","<a href=""/book/13936129/"" title=""油浸式变压器内部故障检测机器人"" target=""_blank"">油浸式变压器内部故障检测机器人</a>"
<p>苗健，丁召华 著</p>,"<a href=""/book/13936128/"" title=""仿生机器鱼人工侧线感知技术"" target=""_blank"">仿生机器鱼人工侧线感知技术</a>"
"<p class=""disc eps"">本书由浅入深、循序渐进向广大瀚高数据库维护人员、应用开发人员及国产化软件…</p>","<a href=""/book/13936127/"" title=""动手打造深度学习框架"" target=""_blank"">动手打造深度学习框架</a>"
"<p><span class=""badge bg-dot"">可购</span></p>","<a href=""/book/13936126/"" title=""TensorFlow 2 人工神经网络学习手册"" target=""_blank"">TensorFlow 2 人工神经网络学习手册</a>"
<p>李杰 著</p>,"<a href=""/book/13941713/"" title=""uni-app多端跨平台开发从入门到企业级实战"" target=""_blank"">uni-app多端跨平台开发从入门到企业级实战</a>"
"<p class=""disc eps"">《uni-app多端跨平台开发从入门到企业级实战》是一本系统介绍热门前端多端框…</p>","<a href=""/book/13941712/"" title=""Unity 3D 从入门到实战"" target=""_blank"">Unity 3D 从入门到实战</a>"
"<p><span class=""badge bg-dot"">可购</span></p>","<a href=""/book/13941711/"" title=""跟小海龟学Python"" target=""_blank"">跟小海龟学Python</a>"
<p>张尧 著</p>,"<a href=""/book/13941710/"" title=""Python少儿趣味编程：海龟绘图"" target=""_blank"">Python少儿趣味编程：海龟绘图</a>"
"<p class=""disc eps"">《Unity 3D 从入门到实战》是基于 Unity 3D 2021 版本系统全面地介绍使用 Un…</p>","<a href=""/book/13941709/"" title=""C++20高级编程"" target=""_blank"">C++20高级编程</a>"
"<p><span class=""badge bg-dot"">可购</span></p>","<a href=""/book/13941708/"" title=""程序员软技能"" target=""_blank"">程序员软技能</a>"
<p>童晶，童雨涵 著</p>,"<a href=""/book/13941169/"" title=""短视频社区：产品、运营与商业化"" target=""_blank"">短视频社区：产品、运营与商业化</a>"
"<p class=""disc eps"">针对 Python 的特点和初学者的需求，本书将 turtle 库应用于 Python 编程教学…</p>","<a href=""/book/13941168/"" title=""3ds Max效果图制作标准教程（微课版）"" target=""_blank"">3ds Max效果图制作标准教程（微课版）</a>"
"<p><span class=""badge bg-dot"">可购</span></p>","<a href=""/book/13941167/"" title=""信息技术基础上机指导与习题集（Windows 10+WPS Office 2019 微课版）"" target=""_blank"">信息技术基础上机指导与习题集（Windows 10+WPS Office 2019 微课…</a>"
<p>李强 著</p>,"<a href=""/book/13941166/"" title=""控制之美 卷1：控制理论从传递函数到状态空间"" target=""_blank"">控制之美 卷1：控制理论从传递函数到状态空间</a>"
"<p class=""disc eps"">这是一本介绍在Python中使用海龟绘图工具的书。本书先带领读者认识Python编程…</p>","<a href=""/book/13941165/"" title=""TensorFlow深度学习实战（微课视频版）"" target=""_blank"">TensorFlow深度学习实战（微课视频版）</a>"
"<p><span class=""badge bg-dot"">可购</span></p>","<a href=""/book/13941164/"" title=""HTML5+CSS3从入门到精通（微课精编版 第2版）"" target=""_blank"">HTML5+CSS3从入门到精通（微课精编版 第2版）</a>"
<p>郑卉，陈海珠 著</p>,"<a href=""/book/13943831/"" title=""C#程序设计（第3版）"" target=""_blank"">C#程序设计（第3版）</a>"
"<p class=""disc eps"">本书是“十三五”职业教育国家规划教材，也是国家职业教育软件技术专业教学资…</p>","<a href=""/book/13943830/"" title=""深入浅出Windows API程序设计：核心编程篇"" target=""_blank"">深入浅出Windows API程序设计：核心编程篇</a>"
"<p><span class=""badge bg-dot"">可购</span></p>","<a href=""/book/13943829/"" title=""零基础Python从入门到实践"" target=""_blank"">零基础Python从入门到实践</a>"
<p>王端明 著</p>,"<a href=""/book/13943828/"" title=""跟世界冠军一起玩VEX IQ机器人"" target=""_blank"">跟世界冠军一起玩VEX IQ机器人</a>"
"<p class=""disc eps"">本书是 Windows API 程序设计的进阶图书，内容包括多线程编程，内存管理，文…</p>","<a href=""/book/13943531/"" title=""非均匀采样系统分析与控制"" target=""_blank"">非均匀采样系统分析与控制</a>"
"<p><span class=""badge bg-dot"">可购</span></p>","<a href=""/book/13943530/"" title=""类脑计算"" target=""_blank"">类脑计算</a>"
<p>未蓝文化 著</p>,"<a href=""/book/13943529/"" title=""建筑CAD"" target=""_blank"">建筑CAD</a>"
"<p class=""disc eps"">零基础Python从入门到实践</p>","<a href=""/book/13943528/"" title=""AB实验：科学归因与增长的利器"" target=""_blank"">AB实验：科学归因与增长的利器</a>"
"<p><span class=""badge bg-dot"">可购</span></p>","<a href=""/book/13943527/"" title=""游戏美术设计（中级）"" target=""_blank"">游戏美术设计（中级）</a>"
<p>王昕，马娟 编</p>,"<a href=""/book/13943526/"" title=""人工智能等级考试一级教程 人工智能通识"" target=""_blank"">人工智能等级考试一级教程 人工智能通识</a>"
"<p class=""disc eps"">本书将作者团队带领学生参赛获得世界冠军的经验进行总结，在介绍VEX机器人竞…</p>","<a href=""/book/13943525/"" title=""Premiere视频剪辑标准教程（全彩微课版）"" target=""_blank"">Premiere视频剪辑标准教程（全彩微课版）</a>"
"<p><span class=""badge bg-dot"">可购</span></p>","<a href=""/book/13943524/"" title=""幻境：风光摄影与后期从小白到大师"" target=""_blank"">幻境：风光摄影与后期从小白到大师</a>"
<p>孙健 等 著</p>,"<a href=""/book/13943523/"" title=""Cinema 4D S24实用教程"" target=""_blank"">Cinema 4D S24实用教程</a>"
"<p class=""disc eps"">《非均匀采样系统分析与控制》系统介绍非均匀采样系统的理论与分析方法，从非…</p>","<a href=""/book/13943522/"" title=""机器视觉：原理与经典案例详解"" target=""_blank"">机器视觉：原理与经典案例详解</a>"
"<p><span class=""badge bg-dot"">可购</span></p>","<a href=""/book/13943521/"" title=""多维视域下的网络社会群体研究"" target=""_blank"">多维视域下的网络社会群体研究</a>"
<p>危辉 著</p>,"<a href=""/book/13943520/"" title=""网络运维从入门到精通：29个实践项目详解"" target=""_blank"">网络运维从入门到精通：29个实践项目详解</a>"
"<p class=""disc eps"">《类脑计算》从多学科交叉的角度将神经生物学在视觉神经机制、神经元信号加工…</p>","<a href=""/book/13943145/"" title=""多Agent系统中重叠联盟形成机制与应用研究"" target=""_blank"">多Agent系统中重叠联盟形成机制与应用研究</a>"
"<p><span class=""badge bg-dot"">可购</span></p>","<a href=""/book/13943144/"" title=""复杂网络动力学分析与控制"" target=""_blank"">复杂网络动力学分析与控制</a>"
<p>张琨 编</p>,"<a href=""/book/13943143/"" title=""足式机器人腿部液压驱动系统参数灵敏度理论"" target=""_blank"">足式机器人腿部液压驱动系统参数灵敏度理论</a>"
"<p class=""disc eps"">本书以AutoCAD 2020为基础，以其在建筑工程中的应用为核心，系统地介绍了Aut…</p>","<a href=""/book/13943142/"" title=""机器人传感器"" target=""_blank"">机器人传感器</a>"
"<p><span class=""badge bg-dot"">可购</span></p>","<a href=""/book/13943141/"" title=""三支决策与三层分析"" target=""_blank"">三支决策与三层分析</a>"
<p>刘玉凤 著</p>,"<a href=""/book/13943140/"" title=""人工智能缔造师：构建人工智能的大师们所揭示的真相"" target=""_blank"">人工智能缔造师：构建人工智能的大师们所揭示的真相</a>"
"<p class=""disc eps"">内容简介 本书是AB实验领域的标准化著作，它将带领你快速理解AB实验原理、掌…</p>","<a href=""/book/13943139/"" title=""协同进化：人类与机器融合的未来"" target=""_blank"">协同进化：人类与机器融合的未来</a>"
"<p><span class=""badge bg-dot"">可购</span></p>","<a href=""/book/13943138/"" title=""企业网络安全建设"" target=""_blank"">企业网络安全建设</a>"
<p>罗梅芳，郑玉山，孟云，马俊杰 等 著</p>,"<a href=""/book/13936063/"" title=""元宇宙：探险与掘金之旅"" target=""_blank"">元宇宙：探险与掘金之旅</a>"
"<p class=""disc eps"">元宇宙自何方来？未来又向何处去？是科技的泡沫？还是颠覆性的创新？ 本书将…</p>","<a href=""/book/13936062/"" title=""Web前端开发基础"" target=""_blank"">Web前端开发基础</a>"
"<p><span class=""badge bg-dot"">可购</span></p>","<a href=""/book/13936061/"" title=""Web前端开发基础案例教程"" target=""_blank"">Web前端开发基础案例教程</a>"
<p>赵志建，蒋继冬 编</p>,"<a href=""/book/13936060/"" title=""PHP网站开发项目式教程（微课版 第2版）"" target=""_blank"">PHP网站开发项目式教程（微课版 第2版）</a>"
"<p class=""disc eps"">本书根据工业和信息化部教育与考试中心颁布的《Web前端开发职业技能等级标准…</p>","<a href=""/book/13936059/"" title=""Lightroom Classic完全自学一本通"" target=""_blank"">Lightroom Classic完全自学一本通</a>"
"<p><span class=""badge bg-dot"">可购</span></p>","<a href=""/book/13936058/"" title=""短视频其实很简单：策划、布景、拍摄、剪辑全流程指南"" target=""_blank"">短视频其实很简单：策划、布景、拍摄、剪辑全流程指南</a>"
<p>暂缺作者</p>,"<a href=""/book/13936057/"" title=""中文版CorelDRAW 2020基础教程"" target=""_blank"">中文版CorelDRAW 2020基础教程</a>"
"<p class=""disc eps"">《Web前端开发基础案例教程》全面、系统地介绍了Web前端开发的基础知识，主要…</p>","<a href=""/book/13936056/"" title=""Audition声音后期主播速成手册：音频剪辑+录音配音+消音降噪+磁性美化"" target=""_blank"">Audition声音后期主播速成手册：音频剪辑+录音配音+消音降噪+磁性…</a>"
"<p><span class=""badge bg-dot"">可购</span></p>","<a href=""/book/13936055/"" title=""图像视觉感知与情感建模"" target=""_blank"">图像视觉感知与情感建模</a>"
<p>王爱华，刘锡冬 著</p>,"<a href=""/book/13936054/"" title=""Premiere视频编辑应用教程（Premiere Pro CC 2019 微课版）"" target=""_blank"">Premiere视频编辑应用教程（Premiere Pro CC 2019 微课版）</a>"
"<p class=""disc eps"">本书分为基础篇、核心篇与提高篇三大部分，共12个任务。基础篇包含4个教学任…</p>","<a href=""/book/13936053/"" title=""手机短视频与Vlog剪辑大全：剪映+快影+必剪+巧影+VUE"" target=""_blank"">手机短视频与Vlog剪辑大全：剪映+快影+必剪+巧影+VUE</a>"
<p>苗春雨，杜廷龙，孙伟峰 著</p>,"<a href=""/book/13936091/"" title=""详解AutoCAD 2022室内设计（第6版）"" target=""_blank"">详解AutoCAD 2022室内设计（第6版）</a>"
"<p class=""disc eps"">《云计算安全：关键技术、原理及应用》采取理论与应用相结合的方式，对云计算…</p>","<a href=""/book/13936090/"" title=""金属塑性成形计算机辅助优化"" target=""_blank"">金属塑性成形计算机辅助优化</a>"
"<p><span class=""badge bg-dot"">可购</span></p>","<a href=""/book/13936089/"" title=""数据治理之路：贵州实践"" target=""_blank"">数据治理之路：贵州实践</a>"
<p>杨文虎，刘志杰 著</p>,"<a href=""/book/13936088/"" title=""云数据安全存储和可搜索加密理论与技术"" target=""_blank"">云数据安全存储和可搜索加密理论与技术</a>"
"<p class=""disc eps"">本书从计算机网络安全基础入手，围绕网络安全的定义、模型以及网络安全等级保…</p>","<a href=""/book/13936087/"" title=""大数据预处理：基于Python的应用"" target=""_blank"">大数据预处理：基于Python的应用</a>"
"<p><span class=""badge bg-dot"">可购</span></p>","<a href=""/book/13936086/"" title=""大数据分析：理论、方法及应用"" target=""_blank"">大数据分析：理论、方法及应用</a>"
<p>邓媛媛 著</p>,"<a href=""/book/13936085/"" title=""首席数据官管理手册：建立并运行组织的数据供应链"" target=""_blank"">首席数据官管理手册：建立并运行组织的数据供应链</a>"
"<p class=""disc eps"">本书提出构建一个灵活的大数据处理框架，用于感知、收集和处理海量数据，提出…</p>","<a href=""/book/13936084/"" title=""云端基因组学"" target=""_blank"">云端基因组学</a>"
"<p><span class=""badge bg-dot"">可购</span></p>","<a href=""/book/13936083/"" title=""数据自助服务实践指南：数据开放与洞察提效"" target=""_blank"">数据自助服务实践指南：数据开放与洞察提效</a>"
<p>谭建伟 著，谭建伟，陈良庚，任锦 编</p>,"<a href=""/book/13936082/"" title=""数据合规：入门、实战与进阶"" target=""_blank"">数据合规：入门、实战与进阶</a>"
"<p class=""disc eps"">本书基于《中等职业学校信息技术课程标准》基础模块第4～8单元的学习要求，联…</p>","<a href=""/book/13936081/"" title=""云上数字化转型"" target=""_blank"">云上数字化转型</a>"
"<p><span class=""badge bg-dot"">可购</span></p>","<a href=""/book/13936080/"" title=""嵌入系统技术及应用基础"" target=""_blank"">嵌入系统技术及应用基础</a>"
<p>吴兆明 著</p>,"<a href=""/book/13936079/"" title=""嵌入式系统设计"" target=""_blank"">嵌入式系统设计</a>"
"<p class=""disc eps"">本书主要讲解计算机的基础知识和应用。项目1 为Windows 7 管理与操作，包括使…</p>","<a href=""/book/13936078/"" title=""服务器管理与维护"" target=""_blank"">服务器管理与维护</a>"
"<p><span class=""badge bg-dot"">可购</span></p>","<a href=""/book/13936077/"" title=""单片机原理及应用实验仿真案例教程"" target=""_blank"">单片机原理及应用实验仿真案例教程</a>"
<p>上海东软载波微电子 著</p>,"<a href=""/book/13936076/"" title=""Unity和C#游戏编程入门（第5版）"" target=""_blank"">Unity和C#游戏编程入门（第5版）</a>"
"<p class=""disc eps"">本书重点介绍上海东软载波微电子有限公司ES32系列32位微控制器的结构原理及应…</p>","<a href=""/book/13936075/"" title=""CISA信息系统审计师认证All-in-One（第4版·2019大纲）"" target=""_blank"">CISA信息系统审计师认证All-in-One（第4版·2019大纲）</a>"
"<p><span class=""badge bg-dot"">可购</span></p>","<a href=""/book/13936074/"" title=""OneOS开发进阶"" target=""_blank"">OneOS开发进阶</a>"
<p>丁健，秦莉，安毅 著</p>,"<a href=""/book/13936073/"" title=""OneOS内核基础入门"" target=""_blank"">OneOS内核基础入门</a>"
"<p class=""disc eps"">本书共有6章，第一章主要介绍农田土壤环境监测系统数据字典的产生背景和依据…</p>","<a href=""/book/13936072/"" title=""SAP Fiori开发实战 从入门到大师"" target=""_blank"">SAP Fiori开发实战 从入门到大师</a>"
"<p><span class=""badge bg-dot"">可购</span></p>","<a href=""/book/13936071/"" title=""认识元宇宙：源起、现状、未来"" target=""_blank"">认识元宇宙：源起、现状、未来</a>"
<p>罗海宁，胡国华 著</p>,"<a href=""/book/13936070/"" title=""引爆元宇宙"" target=""_blank"">引爆元宇宙</a>"
"<p class=""disc eps"">《政务信息共享数据安全实践》主要参考GB/T 39477-2020《信息安全技术 政务信…</p>","<a href=""/book/13936069/"" title=""元宇宙与未来媒介"" target=""_blank"">元宇宙与未来媒介</a>"
"<p><span class=""badge bg-dot"">可购</span></p>","<a href=""/book/13936068/"" title=""用户运营方法论：入门、实战与进阶"" target=""_blank"">用户运营方法论：入门、实战与进阶</a>"
<p>胡仁喜 著</p>,"<a href=""/book/13936067/"" title=""银行数字化转型：方法与实践"" target=""_blank"">银行数字化转型：方法与实践</a>"
"<p class=""disc eps"">本书围绕AutoCAD 2022环境下的室内设计进行了详细的讲解，全书共分为基础知识…</p>","<a href=""/book/13936066/"" title=""电子商务"" target=""_blank"">电子商务</a>"
"<p><span class=""badge bg-dot"">可购</span></p>","<a href=""/book/13936065/"" title=""电子商务运营实务"" target=""_blank"">电子商务运营实务</a>"
<p>洪慧平 著</p>,"<a href=""/book/13936064/"" title=""IT项目经理进阶之道"" target=""_blank"">IT项目经理进阶之道</a>"
<p>姚远 著</p>,"<a href=""/book/13940154/"" title=""GO语言编程从入门到实践"" target=""_blank"">GO语言编程从入门到实践</a>"
"<p class=""disc eps"">本书全面介绍MySQL数据库的管理、监控、备份恢复和高可用等方面的知识，并在…</p>","<a href=""/book/13940153/"" title=""Java核心技术 卷I：开发基础（原书第12版）"" target=""_blank"">Java核心技术 卷I：开发基础（原书第12版）</a>"
"<p><span class=""badge bg-dot"">可购</span></p>","<a href=""/book/13940152/"" title=""Python自动化办公与RPA从入门到实战"" target=""_blank"">Python自动化办公与RPA从入门到实战</a>"
<p>Joseph Ingeno 著，米庆，于洋 译</p>,"<a href=""/book/13939275/"" title=""Plog手机摄影教程：拍摄、调色与制作"" target=""_blank"">Plog手机摄影教程：拍摄、调色与制作</a>"
"<p class=""disc eps"">《软件架构师手册》是一本全面的指南，帮助开发人员、架构师和高级程序员在软…</p>","<a href=""/book/13939274/"" title=""高性能MVVM框架的设计与实现"" target=""_blank"">高性能MVVM框架的设计与实现</a>"
"<p><span class=""badge bg-dot"">可购</span></p>","<a href=""/book/13938410/"" title=""监控平台解密：IT系统风险感知和洞察"" target=""_blank"">监控平台解密：IT系统风险感知和洞察</a>"
<p>诸葛斌，胡延丰，叶周全，应欢欢，于欣鑫 …</p>,"<a href=""/book/13937241/"" title=""电子商务基础上机实验指导"" target=""_blank"">电子商务基础上机实验指导</a>"
<p>李金蓉</p>,"<a href=""/book/13944659/"" title=""突破平面Illustrator 2022设计与制作剖析"" target=""_blank"">突破平面Illustrator 2022设计与制作剖析</a>"
"<p class=""disc eps"">《突破平面Illustrator 2022设计与制作剖析》是初学者快速学习Illustrator 的…</p>","<a href=""/book/13944658/"" title=""服装设计必修课（CorelDRAW版）"" target=""_blank"">服装设计必修课（CorelDRAW版）</a>"
"<p><span class=""badge bg-dot"">可购</span></p>","<a href=""/book/13944657/"" title=""SketchUp材质系统精讲"" target=""_blank"">SketchUp材质系统精讲</a>"
<p>李芳</p>,"<a href=""/book/13944656/"" title=""毫无PS痕迹：你的第一本Photoshop书（第二版）"" target=""_blank"">毫无PS痕迹：你的第一本Photoshop书（第二版）</a>"
"<p class=""disc eps"">《服装设计必修课（CorelDRAW版）》是实用性很强的服装设计书籍，注重讲解服…</p>","<a href=""/book/13944655/"" title=""PHP应用开发实例教程"" target=""_blank"">PHP应用开发实例教程</a>"
"<p><span class=""badge bg-dot"">可购</span></p>","<a href=""/book/13944654/"" title=""C语言学习指南：从规范编程到专业级开发"" target=""_blank"">C语言学习指南：从规范编程到专业级开发</a>"
<p>孙哲、潘鹏</p>,"<a href=""/book/13944653/"" title=""C++嵌入式开发实例精解"" target=""_blank"">C++嵌入式开发实例精解</a>"
"<p class=""disc eps"">除了三维建模的&amp;ldquo;点线面体&amp;rdquo;，SketchUp 能做的还有很多，…</p>","<a href=""/book/13944652/"" title=""大规模C++软件开发 卷1 过程与架构（英文版）"" target=""_blank"">大规模C++软件开发 卷1 过程与架构（英文版）</a>"
"<p><span class=""badge bg-dot"">可购</span></p>","<a href=""/book/13944651/"" title=""青少年编程魔法课堂 C++图形化创意编程"" target=""_blank"">青少年编程魔法课堂 C++图形化创意编程</a>"
<p>赵鹏 著</p>,"<a href=""/book/13944650/"" title=""C#入门经典（第9版）"" target=""_blank"">C#入门经典（第9版）</a>"
"<p class=""disc eps"">本书是豆瓣评分超过 9.2 分、销量近 10 万册的《毫无 PS 痕迹 &amp;mdash;你…</p>","<a href=""/book/13944649/"" title=""C语言程序设计 现代方法习题解答（第二版 修订版）"" target=""_blank"">C语言程序设计 现代方法习题解答（第二版 修订版）</a>"
"<p><span class=""badge bg-dot"">可购</span></p>","<a href=""/book/13944648/"" title=""剑指Java：核心原理与应用实践"" target=""_blank"">剑指Java：核心原理与应用实践</a>"
<p>[美]莫雷·哈伯(Morey Haber)</p>,"<a href=""/book/13944700/"" title=""身份攻击向量"" target=""_blank"">身份攻击向量</a>"
"<p class=""disc eps"">在身份盗用频发、身份管理不完善的现状下，如何应对由此引发的企业安全风险成…</p>","<a href=""/book/13944698/"" title=""现代通信技术"" target=""_blank"">现代通信技术</a>"
"<p><span class=""badge bg-dot"">可购</span></p>","<a href=""/book/13944697/"" title=""皮肤镜图像分析与识别"" target=""_blank"">皮肤镜图像分析与识别</a>"
<p>王琳</p>,"<a href=""/book/13944696/"" title=""R可视化数据分析"" target=""_blank"">R可视化数据分析</a>"
"<p class=""disc eps"">本书系统、深入地阐述现代通信系统的基本概念、基本原理和基本分析方法。全书…</p>","<a href=""/book/13944695/"" title=""嵌入式软件的时间分析：汽车行业领域的嵌入式软件理论、分析及实践"" target=""_blank"">嵌入式软件的时间分析：汽车行业领域的嵌入式软件理论、分析及实践…</a>"
"<p><span class=""badge bg-dot"">可购</span></p>","<a href=""/book/13944694/"" title=""智能运维技术及应用"" target=""_blank"">智能运维技术及应用</a>"
<p>谢凤英</p>,"<a href=""/book/13944693/"" title=""Linux系统管理与服务器配置"" target=""_blank"">Linux系统管理与服务器配置</a>"
"<p class=""disc eps"">暂缺简介...</p>","<a href=""/book/13944692/"" title=""前端工程质量保障体系实践"" target=""_blank"">前端工程质量保障体系实践</a>"
"<p><span class=""badge bg-dot"">可购</span></p>","<a href=""/book/13944691/"" title=""软件工程：从理论到实践"" target=""_blank"">软件工程：从理论到实践</a>"
"<p>郭明才, 刘文杰, 孙源, 张艺, 于俊丽, 曹小…</p>","<a href=""/book/13944690/"" title=""Autodesk Inventor 2020完全学习手册"" target=""_blank"">Autodesk Inventor 2020完全学习手册</a>"
"<p class=""disc eps"">统计图形在揭示特殊现象或规律上的功能，是数据本身不能替代的。R作为一种开…</p>","<a href=""/book/13944689/"" title=""AutoCAD电气设计与天正电气TElec工程实践（2021中文版）"" target=""_blank"">AutoCAD电气设计与天正电气TElec工程实践（2021中文版）</a>"
"<p><span class=""badge bg-dot"">可购</span></p>","<a href=""/book/13944688/"" title=""AutoCAD建筑图形设计与天正建筑TArch工程实践（2021中文版）"" target=""_blank"">AutoCAD建筑图形设计与天正建筑TArch工程实践（2021中文版）</a>"
<p>[英]皮特·格利瓦（Peter Gliwa）</p>,"<a href=""/book/13944687/"" title=""AutoCAD暖通空调设计与天正暖通THvac工程实践（2021中文版）"" target=""_blank"">AutoCAD暖通空调设计与天正暖通THvac工程实践（2021中文版）</a>"
"<p class=""disc eps"">汽车中软件部分的比重正稳步提升。 软件中的运行时行为-Timing（时间性能测量…</p>","<a href=""/book/13944686/"" title=""AutoCAD 2022从入门到精通"" target=""_blank"">AutoCAD 2022从入门到精通</a>"
"<p><span class=""badge bg-dot"">可购</span></p>","<a href=""/book/13944685/"" title=""CAE分析大系：ANSYS CFD实例详解"" target=""_blank"">CAE分析大系：ANSYS CFD实例详解</a>"
<p>钟诗胜、张永健、付旭云</p>,"<a href=""/book/13944684/"" title=""AutoCAD 2022中文版电气设计一本通"" target=""_blank"">AutoCAD 2022中文版电气设计一本通</a>"
"<p class=""disc eps"">智能运维是面向产品全生命周期智能制造的重要组成部分。随着感知技术、预测技…</p>","<a href=""/book/13944683/"" title=""数字图像处理学（第4版）"" target=""_blank"">数字图像处理学（第4版）</a>"
"<p><span class=""badge bg-dot"">可购</span></p>","<a href=""/book/13944682/"" title=""量化投资与FOF投资：以MATLAB+Python为工具"" target=""_blank"">量化投资与FOF投资：以MATLAB+Python为工具</a>"
<p>黄海军</p>,"<a href=""/book/13944681/"" title=""组织设计实战：从组织诊断到组织设计的系统方法"" target=""_blank"">组织设计实战：从组织诊断到组织设计的系统方法</a>"
"<p class=""disc eps"">本书从初学者的角度出发，介绍了Linux系统的安装、Linux命令格式、应用程序的…</p>","<a href=""/book/13944680/"" title=""虚拟化与容器"" target=""_blank"">虚拟化与容器</a>"
"<p><span class=""badge bg-dot"">可购</span></p>","<a href=""/book/13944679/"" title=""MySQL数据库原理与应用"" target=""_blank"">MySQL数据库原理与应用</a>"
<p>曾静益</p>,"<a href=""/book/13944678/"" title=""Pandas 1.x实例精解"" target=""_blank"">Pandas 1.x实例精解</a>"
"<p class=""disc eps"">本书从前端开发的完整生命周期角度进行讲解，帮助读者了解前端的工程搭建、版…</p>","<a href=""/book/13944677/"" title=""Access快速开发基础教程（视频案例精讲）"" target=""_blank"">Access快速开发基础教程（视频案例精讲）</a>"
"<p><span class=""badge bg-dot"">可购</span></p>","<a href=""/book/13944676/"" title=""学电脑从入门到精通（Windows 11+Office 2021）"" target=""_blank"">学电脑从入门到精通（Windows 11+Office 2021）</a>"
<p>毛新军 董威</p>,"<a href=""/book/13944675/"" title=""Word必修课：高手这样用Word"" target=""_blank"">Word必修课：高手这样用Word</a>"
"<p class=""disc eps"">本书是软件工程课程实践教学方面的教材，针对软件工程课程实践教学的特点及要…</p>","<a href=""/book/13944674/"" title=""中文版Premiere  Pro CC影视编辑标准教程"" target=""_blank"">中文版Premiere  Pro CC影视编辑标准教程</a>"
"<p><span class=""badge bg-dot"">可购</span></p>","<a href=""/book/13944673/"" title=""VI与标志设计必修课（Illustrator版）"" target=""_blank"">VI与标志设计必修课（Illustrator版）</a>"
<p>尹周平，陶波 著</p>,"<a href=""/book/13936125/"" title=""TensorFlow深度学习项目实战"" target=""_blank"">TensorFlow深度学习项目实战</a>"
"<p class=""disc eps"">面向智能制造应用需求，以物联网技术与先进制造技术深度融合为主线，主要介绍…</p>","<a href=""/book/13936124/"" title=""神经机器翻译"" target=""_blank"">神经机器翻译</a>"
"<p><span class=""badge bg-dot"">可购</span></p>","<a href=""/book/13936123/"" title=""人工智能数据处理"" target=""_blank"">人工智能数据处理</a>"
<p>张新静 著，包勇军，朱小坤，颜伟鹏，姚普…</p>,"<a href=""/book/13936122/"" title=""工业人工智能创新与应用"" target=""_blank"">工业人工智能创新与应用</a>"
"<p class=""disc eps"">图神经网络是人工智能的一个热点方向，从图的视角解读大数据，可以灵活建模复…</p>","<a href=""/book/13936121/"" title=""网络AI+：2030后的未来网络"" target=""_blank"">网络AI+：2030后的未来网络</a>"
"<p><span class=""badge bg-dot"">可购</span></p>","<a href=""/book/13936120/"" title=""机器学习入门：数学原理解析及算法实践"" target=""_blank"">机器学习入门：数学原理解析及算法实践</a>"
<p>王争（@小争哥） 著</p>,"<a href=""/book/13936119/"" title=""写给青少年的人工智能 应用"" target=""_blank"">写给青少年的人工智能 应用</a>"
"<p class=""disc eps"">本书结合真实项目案例，从面向对象编程范式、设计原则、代码规范、重构技巧和…</p>","<a href=""/book/13936118/"" title=""2020全球人工智能创新指数报告"" target=""_blank"">2020全球人工智能创新指数报告</a>"
"<p><span class=""badge bg-dot"">可购</span></p>","<a href=""/book/13936117/"" title=""人工的你：人工智能与心智的未来"" target=""_blank"">人工的你：人工智能与心智的未来</a>"
<p>张晴雪 等 著</p>,"<a href=""/book/13936116/"" title=""人类未来进化史：关于人类增强与技术超越的迷思"" target=""_blank"">人类未来进化史：关于人类增强与技术超越的迷思</a>"
"<p class=""disc eps"">书由浅入深地介绍了图形化编程的基础知识及智能硬件的应用原理。本书分为7章…</p>","<a href=""/book/13936115/"" title=""金融中的人工智能"" target=""_blank"">金融中的人工智能</a>"
"<p><span class=""badge bg-dot"">可购</span></p>","<a href=""/book/13936114/"" title=""人工智能原理与实践"" target=""_blank"">人工智能原理与实践</a>"
<p>李楠，秦建军，李宇翔，朱丽萍 著</p>,"<a href=""/book/13936113/"" title=""因果论：模型、推理和推断（原书第2版）"" target=""_blank"">因果论：模型、推理和推断（原书第2版）</a>"
"<p class=""disc eps"">本书是面向青少年的人工智能科普书和入门教材，立足于趣味性、科学性、知识性…</p>","<a href=""/book/13936112/"" title=""动手学强化学习"" target=""_blank"">动手学强化学习</a>"
"<p><span class=""badge bg-dot"">可购</span></p>","<a href=""/book/13936111/"" title=""联邦学习：算法详解与系统实现"" target=""_blank"">联邦学习：算法详解与系统实现</a>"
<p>罗能 著</p>,"<a href=""/book/13941163/"" title=""计算机程序设计能力考试备考通（PAT）"" target=""_blank"">计算机程序设计能力考试备考通（PAT）</a>"
"<p class=""disc eps"">C++20高级编程主要讲解C++库、框架开发中的高级编程技术，以及*新的C++20标准…</p>","<a href=""/book/13941162/"" title=""Vert.x实战"" target=""_blank"">Vert.x实战</a>"
"<p><span class=""badge bg-dot"">可购</span></p>","<a href=""/book/13941161/"" title=""微前端实战"" target=""_blank"">微前端实战</a>"
<p>[美] 唐·琼斯（Don Jones） 著，魏喆…</p>,"<a href=""/book/13941160/"" title=""GPU编程实战 基于Python和CUDA"" target=""_blank"">GPU编程实战 基于Python和CUDA</a>"
"<p class=""disc eps"">成功的程序员需要的不仅仅是技术能力。要想实现目标，你需要有效的沟通技能、…</p>","<a href=""/book/13941159/"" title=""快学Python：自动化办公轻松实战"" target=""_blank"">快学Python：自动化办公轻松实战</a>"
"<p><span class=""badge bg-dot"">可购</span></p>","<a href=""/book/13941158/"" title=""Linux命令行与shell脚本编程大全（第4版）"" target=""_blank"">Linux命令行与shell脚本编程大全（第4版）</a>"
<p>张哲 著</p>,"<a href=""/book/13941157/"" title=""深入理解高并发编程：核心原理与案例实战"" target=""_blank"">深入理解高并发编程：核心原理与案例实战</a>"
"<p class=""disc eps"">内容介绍 这是一本从实战角度讲解短视频社区的产品架构、运营方案和商业变现…</p>","<a href=""/book/13941156/"" title=""运维数据治理：构筑智能运维的基石"" target=""_blank"">运维数据治理：构筑智能运维的基石</a>"
"<p><span class=""badge bg-dot"">可购</span></p>","<a href=""/book/13941155/"" title=""小白实战大前端：移动端与前端的互通之路"" target=""_blank"">小白实战大前端：移动端与前端的互通之路</a>"
<p>程雯雯，张梅 著</p>,"<a href=""/book/13941154/"" title=""ASP.NET Core 6框架揭秘（上下册）"" target=""_blank"">ASP.NET Core 6框架揭秘（上下册）</a>"
"<p class=""disc eps"">本书全面系统地介绍了3ds Max 2020的基本操作方法和效果图的制作方法。全书共…</p>","<a href=""/book/13941153/"" title=""Knative最佳实践"" target=""_blank"">Knative最佳实践</a>"
"<p><span class=""badge bg-dot"">可购</span></p>","<a href=""/book/13941152/"" title=""Offer来了：Java面试核心知识点精讲（第2版）"" target=""_blank"">Offer来了：Java面试核心知识点精讲（第2版）</a>"
<p>程远东 著</p>,"<a href=""/book/13940223/"" title=""深度学习应用开发：TensorFlow实践"" target=""_blank"">深度学习应用开发：TensorFlow实践</a>"
"<p class=""disc eps"">本书是《信息技术基础（Windows 10+WPS Office 2019）（微课版）》一书的上机…</p>","<a href=""/book/13940222/"" title=""智能风控实践指南：从模型、特征到决策"" target=""_blank"">智能风控实践指南：从模型、特征到决策</a>"
"<p><span class=""badge bg-dot"">可购</span></p>","<a href=""/book/13940221/"" title=""智能简史：从大爆炸到元宇宙"" target=""_blank"">智能简史：从大爆炸到元宇宙</a>"
<p>王天威 著</p>,"<a href=""/book/13940220/"" title=""PyTorch深度学习模型开发实战"" target=""_blank"">PyTorch深度学习模型开发实战</a>"
"<p class=""disc eps"">《控制之美（卷1）——控制理论从传递函数到状态空间》涵盖了动态系统分析、…</p>","<a href=""/book/13940219/"" title=""深度学习实战：基于 TensorFlow 2.X 的计算机视觉开发应用"" target=""_blank"">深度学习实战：基于 TensorFlow 2.X 的计算机视觉开发应用</a>"
"<p><span class=""badge bg-dot"">可购</span></p>","<a href=""/book/13940218/"" title=""机器人的智能化方向与实际应用研究"" target=""_blank"">机器人的智能化方向与实际应用研究</a>"
<p>欧阳植昊，郭志 著，吕云翔，王志鹏，刘卓…</p>,"<a href=""/book/13940217/"" title=""人工智能技术基础：新一代人工智能技术入门经典"" target=""_blank"">人工智能技术基础：新一代人工智能技术入门经典</a>"
"<p class=""disc eps"">本书以深度学习框架TensorFlow为基础，介绍机器学习的基础知识与常用方法，全…</p>","<a href=""/book/13940216/"" title=""图像处理与深度学习"" target=""_blank"">图像处理与深度学习</a>"
"<p><span class=""badge bg-dot"">可购</span></p>","<a href=""/book/13940215/"" title=""PyTorch神经网络实战：移动端图像处理"" target=""_blank"">PyTorch神经网络实战：移动端图像处理</a>"
<p>前端科技 著</p>,"<a href=""/book/13940214/"" title=""人机物融合群智计算"" target=""_blank"">人机物融合群智计算</a>"
"<p class=""disc eps"">《HTML5+CSS3从入门到精通（微课精编版）（第2版）》从初学者角度出发，通过…</p>","<a href=""/book/13940213/"" title=""信息安全精要：从概念到安全性评估"" target=""_blank"">信息安全精要：从概念到安全性评估</a>"
"<p><span class=""badge bg-dot"">可购</span></p>","<a href=""/book/13940212/"" title=""红蓝攻防：构建实战化网络安全防御体系"" target=""_blank"">红蓝攻防：构建实战化网络安全防御体系</a>"
<p>陈越，戴龙翱 著</p>,"<a href=""/book/13940211/"" title=""计算成像与感知"" target=""_blank"">计算成像与感知</a>"
"<p class=""disc eps"">计算机程序设计能力考试（PAT）是客观评测程序与算法设计实现能力的标准化考…</p>","<a href=""/book/13940210/"" title=""纳米忆阻器与神经形态计算"" target=""_blank"">纳米忆阻器与神经形态计算</a>"
"<p><span class=""badge bg-dot"">可购</span></p>","<a href=""/book/13940209/"" title=""商业分析：基于数据科学及人工智能技术的决策支持系统（原书第11版）"" target=""_blank"">商业分析：基于数据科学及人工智能技术的决策支持系统（原书第11版…</a>"
<p>[法] 于连·蓬热（Julien Ponge） 著，…</p>,"<a href=""/book/13940208/"" title=""玩转电子设计：基于Altium Designer的PCB设计实例（移动视频版）"" target=""_blank"">玩转电子设计：基于Altium Designer的PCB设计实例（移动视频版）</a>"
<p>完美世界教育科技（北京）有限公司 著</p>,"<a href=""/book/13943137/"" title=""网络安全的40个智慧洞见（2021）"" target=""_blank"">网络安全的40个智慧洞见（2021）</a>"
"<p class=""disc eps"">本书为游戏美术设计1+X证书制度系列教材之一，根据《游戏美术设计职业技能等…</p>","<a href=""/book/13943136/"" title=""信息技术（拓展模块）"" target=""_blank"">信息技术（拓展模块）</a>"
"<p><span class=""badge bg-dot"">可购</span></p>","<a href=""/book/13943135/"" title=""程序员的数学4：图论入门"" target=""_blank"">程序员的数学4：图论入门</a>"
<p>人工智能等级考试教材编写组 编</p>,"<a href=""/book/13943134/"" title=""顶点覆盖问题的求解算法研究"" target=""_blank"">顶点覆盖问题的求解算法研究</a>"
"<p class=""disc eps"">《人工智能等级考试一级教程 人工智能通识》面向我国人工智能的通识教育与专…</p>","<a href=""/book/13943133/"" title=""泛函分析导论及应用"" target=""_blank"">泛函分析导论及应用</a>"
"<p><span class=""badge bg-dot"">可购</span></p>","<a href=""/book/13936052/"" title=""Excel 2019在工作总结与汇报中的典型应用（视频教学版）"" target=""_blank"">Excel 2019在工作总结与汇报中的典型应用（视频教学版）</a>"
<p>孙衡 著</p>,"<a href=""/book/13936051/"" title=""Word Excel PPT 零基础办公速成宝典2019办公应用从入门到精通"" target=""_blank"">Word Excel PPT 零基础办公速成宝典2019办公应用从入门到精通</a>"
"<p class=""disc eps"">Lightroom具备图像管理和数码后期处理的功能，可以帮助摄影师提高工作效率。…</p>","<a href=""/book/13936050/"" title=""Power BI数据可视化从入门到实战"" target=""_blank"">Power BI数据可视化从入门到实战</a>"
"<p><span class=""badge bg-dot"">可购</span></p>","<a href=""/book/13936049/"" title=""WPS Office 2019在会计与财务管理中的应用（微课版）"" target=""_blank"">WPS Office 2019在会计与财务管理中的应用（微课版）</a>"
<p>六六 著</p>,"<a href=""/book/13936048/"" title=""Word 2021完全自学教程（含：298个实战案例+313节视频讲解+PPT课件）"" target=""_blank"">Word 2021完全自学教程（含：298个实战案例+313节视频讲解+PPT课件…</a>"
"<p class=""disc eps"">进入5G时代，越来越多的人开始拍摄短视频，人们对短视频的质量要求也越来越高…</p>","<a href=""/book/13936047/"" title=""手机与智慧生活"" target=""_blank"">手机与智慧生活</a>"
"<p><span class=""badge bg-dot"">可购</span></p>","<a href=""/book/13936046/"" title=""计算机网络基础与工程实践研究"" target=""_blank"">计算机网络基础与工程实践研究</a>"
<p>凤凰高新教育 著</p>,"<a href=""/book/13936045/"" title=""金融行业绿色数据中心建设标准指引"" target=""_blank"">金融行业绿色数据中心建设标准指引</a>"
"<p class=""disc eps"">CorelDRAW 是一款使用广泛且功能强大的图形设计软件，是平面设计与印刷工作中…</p>","<a href=""/book/13936044/"" title=""HCIA-Datacom 网络技术学习指南"" target=""_blank"">HCIA-Datacom 网络技术学习指南</a>"
"<p><span class=""badge bg-dot"">可购</span></p>","<a href=""/book/13936043/"" title=""孤岛狂欢：网络空间的粉丝文化"" target=""_blank"">孤岛狂欢：网络空间的粉丝文化</a>"
<p>福斯特 著</p>,"<a href=""/book/13936042/"" title=""工赋引擎：上海市工业互联网创新发展实践案例集"" target=""_blank"">工赋引擎：上海市工业互联网创新发展实践案例集</a>"
"<p class=""disc eps"">本书是笔者在喜马拉雅平台的Audition后期声音课程总结，受到了20万粉丝的喜爱…</p>","<a href=""/book/13936041/"" title=""网络运维管理从基础到实战"" target=""_blank"">网络运维管理从基础到实战</a>"
"<p><span class=""badge bg-dot"">可购</span></p>","<a href=""/book/13936040/"" title=""全光接入网架构与技术（第五代固定网络(F5G）"" target=""_blank"">全光接入网架构与技术（第五代固定网络(F5G）</a>"
<p>郭小英 著</p>,"<a href=""/book/13936039/"" title=""全光自动驾驶网络架构与实现"" target=""_blank"">全光自动驾驶网络架构与实现</a>"
"<p class=""disc eps"">随着社交网络的快速发展和广泛使用，越来越多的图像和视频涌现到网络上，与文…</p>","<a href=""/book/13936038/"" title=""物联网及低功耗蓝牙5.x高级开发"" target=""_blank"">物联网及低功耗蓝牙5.x高级开发</a>"
"<p class=""disc eps"">本书通过丰富而又详尽的案例解析为零基础新手提供钉钉宜搭低代码开发入门教程…</p>","<a href=""/book/13937240/"" title=""Axure RP9原型设计实战案例教材"" target=""_blank"">Axure RP9原型设计实战案例教材</a>"
"<p><span class=""badge bg-dot"">可购</span></p>","<a href=""/book/13937239/"" title=""医疗行业超融合云数据中心深度实践"" target=""_blank"">医疗行业超融合云数据中心深度实践</a>"
<p>刘鑫 著</p>,"<a href=""/book/13937238/"" title=""JavaScript+Vue.js Web开发案例教程"" target=""_blank"">JavaScript+Vue.js Web开发案例教程</a>"
"<p class=""disc eps"">本书从零开始，将Haskell的Parsec解释器移植到Java和Scala，并通过详细的程序…</p>","<a href=""/book/13937237/"" title=""Python FastAPI构建数据科学应用Building Data Science Appl"" target=""_blank"">Python FastAPI构建数据科学应用Building Data Science Appl</a>"
"<p><span class=""badge bg-dot"">可购</span></p>","<a href=""/book/13937236/"" title=""自动机理论、语言和计算导论（原书第3版·典藏版）"" target=""_blank"">自动机理论、语言和计算导论（原书第3版·典藏版）</a>"
<p>李洪建，游学军 著</p>,"<a href=""/book/13937158/"" title=""智能平衡移动机器人（MATLAB/Simulink版·微课视频版）"" target=""_blank"">智能平衡移动机器人（MATLAB/Simulink版·微课视频版）</a>"
"<p class=""disc eps"">本书按照Web前端工程师岗位技能要求，以真实项目组织内容，由浅入深地讲解了…</p>","<a href=""/book/13937157/"" title=""知识图谱：认知智能理论与实战"" target=""_blank"">知识图谱：认知智能理论与实战</a>"
"<p><span class=""badge bg-dot"">可购</span></p>","<a href=""/book/13937156/"" title=""虚拟现实与增强现实技术"" target=""_blank"">虚拟现实与增强现实技术</a>"
<p>索斯藤·鲍尔（Thorsten Ball） 著，孙…</p>,"<a href=""/book/13937155/"" title=""虹膜识别关键技术的研究与应用"" target=""_blank"">虹膜识别关键技术的研究与应用</a>"
"<p class=""disc eps"">在程序员与计算机的“交流”过程中，解释器无疑扮演着优秀的翻译角色。它为只…</p>","<a href=""/book/13937154/"" title=""特征工程的艺术：通用技巧与实用案例"" target=""_blank"">特征工程的艺术：通用技巧与实用案例</a>"
"<p><span class=""badge bg-dot"">可购</span></p>","<a href=""/book/13937153/"" title=""移动GIS应用开发实践：Android平台下的GIS功能开发实战"" target=""_blank"">移动GIS应用开发实践：Android平台下的GIS功能开发实战</a>"
<p>[德] 索斯藤·鲍尔（Thorsten Ball） …</p>,"<a href=""/book/13937152/"" title=""计算机组装与维护（项目式微课版）"" target=""_blank"">计算机组装与维护（项目式微课版）</a>"
"<p class=""disc eps"">本书是《用Go语言自制解释器》的续篇。在自制解释器时，你已经为Monkey语言实…</p>","<a href=""/book/13937151/"" title=""Altium Designer 22电子设计速成实战宝典（中文版）"" target=""_blank"">Altium Designer 22电子设计速成实战宝典（中文版）</a>"
"<p><span class=""badge bg-dot"">可购</span></p>","<a href=""/book/13937150/"" title=""互联网使用、金融资产配置与家庭消费升级：基于资产流动性视角的分析"" target=""_blank"">互联网使用、金融资产配置与家庭消费升级：基于资产流动性视角的分…</a>"
<p>里克·格拉齐亚尼（Rick Graziani） 著…</p>,"<a href=""/book/13937149/"" title=""量子计算：发展与未来"" target=""_blank"">量子计算：发展与未来</a>"
"<p class=""disc eps"">思科网络技术学院项目是思科公司在全球范围内推出的一个主要面向初级网络工程…</p>","<a href=""/book/13937148/"" title=""元宇宙大时代：揭秘元宇宙新经济生态圈和时代机遇"" target=""_blank"">元宇宙大时代：揭秘元宇宙新经济生态圈和时代机遇</a>"
"<p><span class=""badge bg-dot"">可购</span></p>","<a href=""/book/13937147/"" title=""Maya 2022从新手到高手（从新手到高手）"" target=""_blank"">Maya 2022从新手到高手（从新手到高手）</a>"
<p>黄永祥 著</p>,"<a href=""/book/13937146/"" title=""科研论文配图设计与制作一本通"" target=""_blank"">科研论文配图设计与制作一本通</a>"
"<p class=""disc eps"">本书是一本来自一线开发者的Go语言编程入门书，深入浅出地讲述了Go语言的语法…</p>","<a href=""/book/13937145/"" title=""轻松玩转手机：视频剪辑+手机摄影+微信全程图解+智能手机APP全程图解（套装共4册）"" target=""_blank"">轻松玩转手机：视频剪辑+手机摄影+微信全程图解+智能手机APP全程图…</a>"
"<p><span class=""badge bg-dot"">可购</span></p>","<a href=""/book/13937144/"" title=""计算机录入技术（项目式微课版）"" target=""_blank"">计算机录入技术（项目式微课版）</a>"
<p>[美] 凯·S.霍斯特曼（Cay S.Horstman…</p>,"<a href=""/book/13937143/"" title=""业务架构解构与实践"" target=""_blank"">业务架构解构与实践</a>"
<p>卢守东</p>,"<a href=""/book/13944647/"" title=""Java算法从菜鸟到达人"" target=""_blank"">Java算法从菜鸟到达人</a>"
"<p class=""disc eps"">《PHP应用开发实例教程》以应用为导向，以实用为原则，以能力提升为目标，以…</p>","<a href=""/book/13944646/"" title=""漫画Java"" target=""_blank"">漫画Java</a>"
"<p><span class=""badge bg-dot"">可购</span></p>","<a href=""/book/13944645/"" title=""Docker+Kubernetes容器实战派"" target=""_blank"">Docker+Kubernetes容器实战派</a>"
<p>[美]杰夫·苏哈伊(Jeff Szuhay) 著</p>,"<a href=""/book/13944644/"" title=""Scratch少儿编程从入门到精通（全彩图解+高清视频）"" target=""_blank"">Scratch少儿编程从入门到精通（全彩图解+高清视频）</a>"
"<p class=""disc eps"">本书将C语言中的知识由浅入深地安排成五个部分进行讲解，通过大量简明易懂的…</p>","<a href=""/book/13944643/"" title=""LaTeX入门与实战应用"" target=""_blank"">LaTeX入门与实战应用</a>"
"<p><span class=""badge bg-dot"">可购</span></p>","<a href=""/book/13944642/"" title=""看漫画学Python 2：有趣、有料、好玩、好用（全彩进阶版）"" target=""_blank"">看漫画学Python 2：有趣、有料、好玩、好用（全彩进阶版）</a>"
<p>[美]艾格尔·威亚契克 著</p>,"<a href=""/book/13944641/"" title=""读源码学架构：系统架构师思维训练之道"" target=""_blank"">读源码学架构：系统架构师思维训练之道</a>"
"<p class=""disc eps"">本书详细阐述了与C嵌入式开发相关的基本解决方案，主要包括嵌入式系统的基础…</p>","<a href=""/book/13943852/"" title=""企业数字员工建设指南：机器人流程自动化（RPA）实践"" target=""_blank"">企业数字员工建设指南：机器人流程自动化（RPA）实践</a>"
<p>吴鹏</p>,"<a href=""/book/13944672/"" title=""AutoCAD 2022中文版园林景观设计从入门到精通"" target=""_blank"">AutoCAD 2022中文版园林景观设计从入门到精通</a>"
"<p class=""disc eps"">Inventor是美国Autodesk公司推出的三维可视化实体模拟软件，包含三维建模、信…</p>","<a href=""/book/13944671/"" title=""Animate CC二维动画制作"" target=""_blank"">Animate CC二维动画制作</a>"
"<p><span class=""badge bg-dot"">可购</span></p>","<a href=""/book/13944670/"" title=""Photoshop电商设计与装修从新手到高手"" target=""_blank"">Photoshop电商设计与装修从新手到高手</a>"
<p>张传记 王磊</p>,"<a href=""/book/13944669/"" title=""SolidWorks 2021产品设计标准教程（实战微课版）"" target=""_blank"">SolidWorks 2021产品设计标准教程（实战微课版）</a>"
"<p class=""disc eps"">本书从CAD电气制图技术与行业应用出发，以AutoCAD 2021中文版和T20-Elec V7.…</p>","<a href=""/book/13944668/"" title=""PADS VX.2.4中文版从入门到精通"" target=""_blank"">PADS VX.2.4中文版从入门到精通</a>"
"<p><span class=""badge bg-dot"">可购</span></p>","<a href=""/book/13944667/"" title=""天正建筑T20 V7.0建筑设计从入门到精通"" target=""_blank"">天正建筑T20 V7.0建筑设计从入门到精通</a>"
<p>胡勇 孙明</p>,"<a href=""/book/13944666/"" title=""Adobe Photoshop 2020实战案例教材"" target=""_blank"">Adobe Photoshop 2020实战案例教材</a>"
"<p class=""disc eps"">本书从CAD制图技术与行业应用出发，以AutoCAD 2021版和T20-Arch V7.0工具，通…</p>","<a href=""/book/13944665/"" title=""Adobe Animate 2021经典教程"" target=""_blank"">Adobe Animate 2021经典教程</a>"
"<p><span class=""badge bg-dot"">可购</span></p>","<a href=""/book/13944664/"" title=""新印象  Lumion材质灯光渲染与动画技术精粹"" target=""_blank"">新印象  Lumion材质灯光渲染与动画技术精粹</a>"
<p>张传记 任振华</p>,"<a href=""/book/13944663/"" title=""中文版Photoshop2022完全自学教程（实战案例视频版）"" target=""_blank"">中文版Photoshop2022完全自学教程（实战案例视频版）</a>"
"<p class=""disc eps"">本书从CAD制图技术与行业应用出发，以AutoCAD 2021和T20天正暖通V7.0（T20-H…</p>","<a href=""/book/13944662/"" title=""Photoshop网页设计与配色（全案例微课版）"" target=""_blank"">Photoshop网页设计与配色（全案例微课版）</a>"
"<p><span class=""badge bg-dot"">可购</span></p>","<a href=""/book/13944661/"" title=""Photoshop+Adobe Camera Raw+Lightroom摄影后期照片润饰实战"" target=""_blank"">Photoshop+Adobe Camera Raw+Lightroom摄影后期照片润饰实战</a>"
<p>CAD辅助设计教育研究室</p>,"<a href=""/book/13944660/"" title=""剪映视频编辑完全自学教程（电脑版）"" target=""_blank"">剪映视频编辑完全自学教程（电脑版）</a>"
<p>张勇，梁锦明，薛静萍 著</p>,"<a href=""/book/13936110/"" title=""机器学习·深度学习图像识别从基础到案例实战"" target=""_blank"">机器学习·深度学习图像识别从基础到案例实战</a>"
"<p><span class=""badge bg-dot"">可购</span></p>","<a href=""/book/13943132/"" title=""信息与服务设计"" target=""_blank"">信息与服务设计</a>"
<p>魏砚雨，杨晓笛 著</p>,"<a href=""/book/13943131/"" title=""EPLAN电气制图技术与工程应用实战"" target=""_blank"">EPLAN电气制图技术与工程应用实战</a>"
"<p class=""disc eps"">本书以Premiere软件为写作平台，以实际应用为指导思想，用通俗易懂的语言对影…</p>","<a href=""/book/13943130/"" title=""MATLAB 2020 优化设计从入门到精通"" target=""_blank"">MATLAB 2020 优化设计从入门到精通</a>"
"<p><span class=""badge bg-dot"">可购</span></p>","<a href=""/book/13943129/"" title=""ABAQUS有限元分析从入门到精通（第3版）"" target=""_blank"">ABAQUS有限元分析从入门到精通（第3版）</a>"
<p>闭眼缄默 著</p>,"<a href=""/book/13943128/"" title=""Abaqus有限元分析从入门到精通（2022版）"" target=""_blank"">Abaqus有限元分析从入门到精通（2022版）</a>"
"<p class=""disc eps"">本书由知名风光摄影师闭眼缄默（又名“县长”），根据30万学员喜欢的风光摄影…</p>","<a href=""/book/13943127/"" title=""中文版Moldflow模流分析从入门到精通（2021版）"" target=""_blank"">中文版Moldflow模流分析从入门到精通（2021版）</a>"
"<p><span class=""badge bg-dot"">可购</span></p>","<a href=""/book/13943126/"" title=""Kubernetes实战：构建生产级应用平台"" target=""_blank"">Kubernetes实战：构建生产级应用平台</a>"
<p>任媛媛 著</p>,"<a href=""/book/13943125/"" title=""搜索引擎中的实体推荐关键技术研究"" target=""_blank"">搜索引擎中的实体推荐关键技术研究</a>"
"<p class=""disc eps"">本书主要讲解中文版Cinema 4D S24的使用方法与技巧，包含建模、灯光、摄像机…</p>","<a href=""/book/13943124/"" title=""嵌入式系统设计基础及应用（基于ARM Cortex-M4微处理器）"" target=""_blank"">嵌入式系统设计基础及应用（基于ARM Cortex-M4微处理器）</a>"
"<p><span class=""badge bg-dot"">可购</span></p>","<a href=""/book/13943123/"" title=""嵌入式系统设计实验教程"" target=""_blank"">嵌入式系统设计实验教程</a>"
<p>宋春华，张弓，刘晓红 等 著</p>,"<a href=""/book/13943122/"" title=""嵌入式实时操作系统：基于ARM Mbed OS的应用实践"" target=""_blank"">嵌入式实时操作系统：基于ARM Mbed OS的应用实践</a>"
"<p><span class=""badge bg-dot"">可购</span></p>","<a href=""/book/13936037/"" title=""树莓派Linux操作系统移植"" target=""_blank"">树莓派Linux操作系统移植</a>"
<p>赵秀娟，胡永锋 著</p>,"<a href=""/book/13936036/"" title=""深入理解Linux网络：修炼底层内功，掌握高性能原理"" target=""_blank"">深入理解Linux网络：修炼底层内功，掌握高性能原理</a>"
"<p class=""disc eps"">内 容 提 要Premiere是影视编辑领域***的软件之一。本书对Premiere Pro CC 2…</p>","<a href=""/book/13936035/"" title=""Cassandra权威指南（第三版）"" target=""_blank"">Cassandra权威指南（第三版）</a>"
"<p><span class=""badge bg-dot"">可购</span></p>","<a href=""/book/13936034/"" title=""MySQL数据库任务驱动式教程（第3版 微课版）"" target=""_blank"">MySQL数据库任务驱动式教程（第3版 微课版）</a>"
<p>龙飞 著</p>,"<a href=""/book/13936033/"" title=""实时数据处理技术"" target=""_blank"">实时数据处理技术</a>"
"<p class=""disc eps"">本书分享10多年的短视频与Vlog拍摄经验、26万粉丝喜欢的后期剪辑技巧，从两条…</p>","<a href=""/book/13936032/"" title=""云原生Kubernetes全栈架构师实战"" target=""_blank"">云原生Kubernetes全栈架构师实战</a>"
"<p><span class=""badge bg-dot"">可购</span></p>","<a href=""/book/13936031/"" title=""大话统计学 基于R语言+中文统计工具（溢彩实训版）"" target=""_blank"">大话统计学 基于R语言+中文统计工具（溢彩实训版）</a>"
<p>赛贝尔资讯 著</p>,"<a href=""/book/13936030/"" title=""SPSS统计分析入门与应用精解（视频教学版）"" target=""_blank"">SPSS统计分析入门与应用精解（视频教学版）</a>"
"<p class=""disc eps"">本书将Excel功能与职场办公人员的日常总结、汇报工作紧密结合，详细介绍了如…</p>","<a href=""/book/13936029/"" title=""Python深度学习从零开始学"" target=""_blank"">Python深度学习从零开始学</a>"
"<p><span class=""badge bg-dot"">可购</span></p>","<a href=""/book/13936028/"" title=""Python程序设计实验指导与习题解答"" target=""_blank"">Python程序设计实验指导与习题解答</a>"
<p>三秒课堂 著</p>,"<a href=""/book/13936027/"" title=""代码中的软件工程"" target=""_blank"">代码中的软件工程</a>"
"<p class=""disc eps"">1</p>","<a href=""/book/13936026/"" title=""深入浅出STC8增强型51单片机进阶攻略"" target=""_blank"">深入浅出STC8增强型51单片机进阶攻略</a>"
"<p><span class=""badge bg-dot"">可购</span></p>","<a href=""/book/13936025/"" title=""Python基础与数据分析"" target=""_blank"">Python基础与数据分析</a>"
<p>袁佳林 著</p>,"<a href=""/book/13936024/"" title=""Go语言学习指南：惯例模式与编程实践"" target=""_blank"">Go语言学习指南：惯例模式与编程实践</a>"
"<p><span class=""badge bg-dot"">可购</span></p>","<a href=""/book/13943851/"" title=""神经机器翻译：基础、原理、实践与进阶"" target=""_blank"">神经机器翻译：基础、原理、实践与进阶</a>"
"<p class=""disc eps"">内 容 提 要随着人工智能技术的发展，我们已经进入人工智能时代。在人工智能…</p>","<a href=""/book/13936109/"" title=""智能计算：原理与实践"" target=""_blank"">智能计算：原理与实践</a>"
"<p><span class=""badge bg-dot"">可购</span></p>","<a href=""/book/13936108/"" title=""安卓应用开发案例教程"" target=""_blank"">安卓应用开发案例教程</a>"
<p>[美] 保罗·格雷厄姆（Paul Graham） …</p>,"<a href=""/book/13936107/"" title=""Android移动安全攻防实战（微课视频版）"" target=""_blank"">Android移动安全攻防实战（微课视频版）</a>"
"<p class=""disc eps"">你无须改变太多，也能活出精彩一生。这是保罗给我们的心理安抚，同时他也用自…</p>","<a href=""/book/13936106/"" title=""MySQL数据库设计与应用（慕课版）"" target=""_blank"">MySQL数据库设计与应用（慕课版）</a>"
"<p><span class=""badge bg-dot"">可购</span></p>","<a href=""/book/13936105/"" title=""After Effects动态图形与动效设计（全彩慕课版）"" target=""_blank"">After Effects动态图形与动效设计（全彩慕课版）</a>"
<p>陈磊 著</p>,"<a href=""/book/13936104/"" title=""机器视觉技术与应用实战"" target=""_blank"">机器视觉技术与应用实战</a>"
<p>约翰·拉科斯(John Lakos)</p>,"<a href=""/book/13943850/"" title=""机器学习（Python版）"" target=""_blank"">机器学习（Python版）</a>"
"<p class=""disc eps"">本书通过具体示例演示了基本的设计概念，为各种规模的项目奠定了基础，并演示…</p>","<a href=""/book/13943849/"" title=""深度学习框架PyTorch：入门与实践（第2版）"" target=""_blank"">深度学习框架PyTorch：入门与实践（第2版）</a>"
"<p><span class=""badge bg-dot"">可购</span></p>","<a href=""/book/13943848/"" title=""城市数字化转型下的网络与数据安全"" target=""_blank"">城市数字化转型下的网络与数据安全</a>"
<p>张新华 葛阳 伍婉秋</p>,"<a href=""/book/13943847/"" title=""未来工场：数字经济、制造业未来发展方向"" target=""_blank"">未来工场：数字经济、制造业未来发展方向</a>"
"<p class=""disc eps"">这是一本专为没有编程基础的读者编写的C入门书，即使是小学生也可以轻松阅读…</p>","<a href=""/book/13943846/"" title=""企业数智化转型之路：智能化数字平台建设及应用实践"" target=""_blank"">企业数智化转型之路：智能化数字平台建设及应用实践</a>"
"<p><span class=""badge bg-dot"">可购</span></p>","<a href=""/book/13943845/"" title=""SaaS增长方法论"" target=""_blank"">SaaS增长方法论</a>"
<p>[德] 本杰明·帕金斯(Benjamin Perkin…</p>,"<a href=""/book/13943844/"" title=""小波分析及其应用现状与前景"" target=""_blank"">小波分析及其应用现状与前景</a>"
"<p class=""disc eps"">主要特色讲解变量、表达式、控制流程、函数、调试和错误处理涵盖面向对象编程…</p>","<a href=""/book/13943843/"" title=""离线？重启试试"" target=""_blank"">离线？重启试试</a>"
"<p><span class=""badge bg-dot"">可购</span></p>","<a href=""/book/13943842/"" title=""移动物联网智能通信与计算"" target=""_blank"">移动物联网智能通信与计算</a>"
<p>[美]K.N.金(K.N.King) 著，曹良亮</p>,"<a href=""/book/13943841/"" title=""Serverless架构下的AI应用开发：入门、实战与性能优化"" target=""_blank"">Serverless架构下的AI应用开发：入门、实战与性能优化</a>"
"<p class=""disc eps"">《C语言程序设计：现代方法（第2版·修订版）》是经典C语言教材，分为基…</p>","<a href=""/book/13943840/"" title=""思科网络技术学院教程：交换+路由+无线基础（第7版）"" target=""_blank"">思科网络技术学院教程：交换+路由+无线基础（第7版）</a>"
"<p><span class=""badge bg-dot"">可购</span></p>","<a href=""/book/13943839/"" title=""基于Linux的企业自动化实践：服务器的构建、部署与管理"" target=""_blank"">基于Linux的企业自动化实践：服务器的构建、部署与管理</a>"
<p>尚硅谷教育</p>,"<a href=""/book/13943838/"" title=""数字信息问题研究"" target=""_blank"">数字信息问题研究</a>"
"<p class=""disc eps"">本书分为四大部分：第1～6章，初步认识Java的基础语法及主流编程工具的使用；…</p>","<a href=""/book/13943837/"" title=""大数据环境下的科技信息潜在语义挖掘技术优化与比较研究"" target=""_blank"">大数据环境下的科技信息潜在语义挖掘技术优化与比较研究</a>"
"<p><span class=""badge bg-dot"">可购</span></p>","<a href=""/book/13943836/"" title=""商业分析全攻略：用数据分析解决商业问题（全彩）"" target=""_blank"">商业分析全攻略：用数据分析解决商业问题（全彩）</a>"
<p>猿媛之家</p>,"<a href=""/book/13943835/"" title=""HBase应用实战与性能调优"" target=""_blank"">HBase应用实战与性能调优</a>"
"<p class=""disc eps"">《Java算法从菜鸟到达人》以 Java语言为实现平台，全书分四个部分，用言简意…</p>","<a href=""/book/13943834/"" title=""MySQL数据库进阶实战"" target=""_blank"">MySQL数据库进阶实战</a>"
"<p><span class=""badge bg-dot"">可购</span></p>","<a href=""/book/13943833/"" title=""Unity VR与AR项目开发实战"" target=""_blank"">Unity VR与AR项目开发实战</a>"
<p>关东升</p>,"<a href=""/book/13943832/"" title=""Vue.js 3移动应用开发实战"" target=""_blank"">Vue.js 3移动应用开发实战</a>"
